time,channel,data
2023-10-06T11:34:01.545872,24,2
2023-10-06T11:54:13.605056,24,1
2023-10-06T12:04:57.096014,24,0
2023-10-06T12:14:03.986489,24,1
2023-10-06T12:24:17.106603,24,0
2023-10-06T12:34:36.070700,24,1
2023-10-06T12:44:22.768748,24,0
2023-10-06T12:54:35.933921,24,0
2023-10-06T13:04:47.258712,24,0
2023-10-06T13:15:00.614051,24,0
2023-10-06T13:24:59.173708,24,2
2023-10-06T13:35:12.618888,24,0
2023-10-06T13:46:18.956735,24,1
2023-10-06T13:56:35.342394,24,1
2023-10-06T14:06:44.435645,24,0
2023-10-06T14:16:39.635701,24,2
2023-10-06T14:26:53.975956,24,1
2023-10-06T14:37:35.919119,24,0
2023-10-06T14:47:21.945139,24,0
2023-10-06T14:56:59.440355,24,0
2023-10-06T15:06:22.132496,24,1
2023-10-06T15:16:42.623162,24,0
2023-10-06T15:27:43.662280,24,0
2023-10-06T15:48:17.028072,24,0
2023-10-06T15:57:38.073839,24,0
2023-10-06T16:07:27.758836,24,1
2023-10-06T16:17:21.725532,24,1
2023-10-06T16:27:22.233542,24,2
2023-10-06T16:37:10.504280,24,3
2023-10-06T16:46:41.128407,24,5
2023-10-06T16:56:35.774466,24,3
2023-10-06T17:05:35.644092,24,3
2023-10-06T17:15:40.270181,24,4
2023-10-06T17:26:17.908225,24,2
2023-10-06T17:36:09.076519,24,2
2023-10-06T17:45:29.022732,24,3
2023-10-06T17:55:28.825485,24,1
2023-10-06T18:04:00.647214,24,4
2023-10-06T18:14:01.316950,24,4
2023-10-06T18:24:15.470830,24,0
2023-10-06T18:35:24.689475,24,2
2023-10-06T18:44:33.609356,24,4
2023-10-06T18:54:46.802208,24,3
2023-10-06T19:04:47.415078,24,0
2023-10-06T19:15:09.422091,24,3
2023-10-06T19:25:25.516422,24,4
2023-10-06T19:34:53.049386,24,3
2023-10-06T19:45:12.438178,24,1
2023-10-06T19:56:08.096777,24,2
2023-10-06T20:05:36.699125,24,4
2023-10-06T20:15:42.039091,24,1
2023-10-06T20:24:56.486911,24,6
2023-10-06T20:35:17.957978,24,3
2023-10-06T20:45:16.054632,24,4
2023-10-06T20:54:50.408927,24,2
2023-10-06T21:04:32.714462,24,5
2023-10-06T21:15:08.053523,24,1
2023-10-06T21:25:05.817033,24,1
2023-10-06T21:34:33.662043,24,4
2023-10-06T21:53:54.940460,24,1
2023-10-06T22:03:44.135679,24,2
2023-10-06T22:13:47.915899,24,2
2023-10-06T22:23:11.385708,24,3
2023-10-06T22:52:45.676852,24,2
2023-10-06T23:02:40.488727,24,1
2023-10-06T23:12:01.698247,24,4
2023-10-06T23:21:29.853374,24,5
2023-10-06T23:31:06.487825,24,1
2023-10-06T23:40:50.471946,24,3
2023-10-06T23:50:07.098191,24,5
2023-10-06T23:59:32.202765,24,2
2023-10-07T00:09:50.812652,24,2
2023-10-07T00:19:26.596499,24,3
2023-10-07T00:29:33.619686,24,1
2023-10-07T00:39:43.494076,24,2
2023-10-07T00:49:26.437090,24,3
2023-10-07T00:59:12.721176,24,1
2023-10-07T01:09:13.000989,24,2
2023-10-07T01:20:08.788893,24,2
2023-10-07T01:30:19.304749,24,2
2023-10-07T01:39:48.586988,24,6
2023-10-07T01:49:28.767086,24,2
2023-10-07T01:59:30.113639,24,3
2023-10-07T02:10:02.172156,24,1
2023-10-07T02:20:30.613332,24,4
2023-10-07T02:30:02.180660,24,3
2023-10-07T02:40:56.039832,24,3
2023-10-07T02:51:02.827524,24,3
2023-10-07T03:00:55.327848,24,1
2023-10-07T03:10:30.799506,24,1
2023-10-07T03:20:30.887940,24,2
2023-10-07T03:31:08.619864,24,1
2023-10-07T03:41:28.582119,24,1
2023-10-07T03:51:46.937405,24,2
2023-10-07T04:02:07.745260,24,1
2023-10-07T04:13:02.509283,24,0
2023-10-07T04:23:07.921118,24,2
2023-10-07T04:33:34.259287,24,1
2023-10-07T04:43:21.818873,24,0
2023-10-07T04:53:43.546946,24,0
2023-10-07T05:03:07.678074,24,0
2023-10-07T05:13:37.343202,24,2
2023-10-07T05:23:08.842332,24,1
2023-10-07T05:33:04.568496,24,2
2023-10-07T05:42:43.981254,24,0
2023-10-07T05:52:48.532483,24,2
2023-10-07T06:03:29.870499,24,0
2023-10-07T06:13:39.049858,24,0
2023-10-07T06:23:24.830462,24,1
2023-10-07T06:32:44.578923,24,0
2023-10-07T06:42:30.280352,24,0
2023-10-07T06:52:51.793005,24,0
2023-10-07T07:02:43.910304,24,1
2023-10-07T07:13:10.009964,24,0
2023-10-07T07:22:56.150471,24,2
2023-10-07T07:33:35.194115,24,0
2023-10-07T07:44:02.132734,24,0
2023-10-07T07:54:28.344396,24,0
2023-10-07T08:05:08.547901,24,1
2023-10-07T08:14:51.599598,24,2
2023-10-07T08:25:32.918164,24,0
2023-10-07T08:35:41.832625,24,0
2023-10-07T08:45:32.740720,24,0
2023-10-07T08:55:54.576760,24,1
2023-10-07T09:06:14.710054,24,0
2023-10-07T09:15:46.057524,24,1
2023-10-07T09:26:15.503696,24,0
2023-10-07T09:36:03.047371,24,0
2023-10-07T09:45:39.840501,24,2
2023-10-07T09:55:46.683990,24,1
2023-10-07T10:06:07.509334,24,1
2023-10-07T10:16:34.400678,24,0
2023-10-07T10:26:40.678563,24,2
2023-10-07T10:36:26.842946,24,0
2023-10-07T10:47:19.212816,24,3
2023-10-07T10:56:51.783706,24,10
2023-10-07T11:05:28.058853,24,10
2023-10-07T11:15:19.588618,24,5
2023-10-07T11:25:12.797234,24,1
2023-10-07T11:35:26.804019,24,1
2023-10-07T11:45:04.790464,24,2
2023-10-07T11:54:58.303067,24,0
2023-10-07T12:04:27.385239,24,1
2023-10-07T12:14:06.088476,24,1
2023-10-07T12:23:38.319172,24,0
2023-10-07T12:33:17.717343,24,1
2023-10-07T12:43:08.799421,24,1
2023-10-07T12:53:09.536657,24,0
2023-10-07T13:03:58.665865,24,0
2023-10-07T13:14:29.347997,24,1
2023-10-07T13:25:01.570503,24,0
2023-10-07T13:35:34.885868,24,0
2023-10-07T13:46:30.589277,24,0
2023-10-07T13:55:54.344577,24,0
2023-10-07T14:06:37.197560,24,0
2023-10-07T14:15:59.058783,24,0
2023-10-07T14:25:48.500897,24,1
2023-10-07T14:37:01.224428,24,0
2023-10-07T14:46:59.725597,24,0
2023-10-07T14:56:19.042452,24,3
2023-10-07T15:06:07.285092,24,1
2023-10-07T15:16:37.406082,24,0
2023-10-07T15:27:24.329604,24,0
2023-10-07T15:37:02.199024,24,1
2023-10-07T15:47:17.461666,24,1
2023-10-07T15:57:01.075935,24,2
2023-10-07T16:07:38.552505,24,0
2023-10-07T16:18:23.209930,24,0
2023-10-07T16:28:27.644493,24,0
2023-10-07T16:39:06.164150,24,0
2023-10-07T16:49:27.888732,24,0
2023-10-07T16:59:36.412797,24,0
2023-10-07T17:09:55.694546,24,1
2023-10-07T17:19:57.809843,24,0
2023-10-07T17:30:08.298509,24,1
2023-10-07T17:40:02.956320,24,0
2023-10-07T17:50:42.350854,24,1
2023-10-07T18:00:36.925694,24,1
2023-10-07T18:10:07.293342,24,1
2023-10-07T18:20:17.095028,24,0
2023-10-07T18:29:58.012404,24,0
2023-10-07T18:51:01.331211,24,0
2023-10-07T19:01:21.357784,24,2
2023-10-07T19:11:06.685697,24,1
2023-10-07T19:21:47.894548,24,1
2023-10-07T19:31:37.173463,24,1
2023-10-07T19:41:30.134154,24,1
2023-10-07T19:51:32.802730,24,1
2023-10-07T20:00:53.136944,24,1
2023-10-07T20:09:57.728612,24,1
2023-10-07T20:20:28.790045,24,0
2023-10-07T20:30:58.727398,24,0
2023-10-07T20:40:36.572908,24,0
2023-10-07T20:51:23.518544,24,0
2023-10-07T21:02:04.317076,24,0
2023-10-07T21:11:33.364025,24,0
2023-10-07T21:21:23.083307,24,0
2023-10-07T21:31:17.389641,24,1
2023-10-07T21:41:14.571920,24,0
2023-10-07T21:51:28.583147,24,0
2023-10-07T22:02:15.199729,24,0
2023-10-07T22:12:03.765231,24,2
2023-10-07T22:22:24.282816,24,0
2023-10-07T22:32:48.304991,24,2
2023-10-07T22:43:59.274716,24,0
2023-10-07T22:53:08.741589,24,5
2023-10-07T23:03:32.571868,24,1
2023-10-07T23:13:33.853211,24,1
2023-10-07T23:23:08.648061,24,2
2023-10-07T23:33:11.154251,24,0
2023-10-07T23:44:06.075767,24,1
2023-10-07T23:54:16.245901,24,3
2023-10-08T00:04:41.674157,24,1
2023-10-08T00:24:24.747092,24,1
2023-10-08T00:34:23.695140,24,0
2023-10-08T00:44:28.821001,24,1
2023-10-08T00:53:54.410671,24,1
2023-10-08T01:04:24.570844,24,0
2023-10-08T01:14:06.943975,24,1
2023-10-08T01:24:06.121458,24,3
2023-10-08T01:34:27.312151,24,3
2023-10-08T01:44:16.125334,24,0
2023-10-08T01:53:47.228166,24,2
2023-10-08T02:03:55.461227,24,2
2023-10-08T02:13:38.138306,24,1
2023-10-08T02:23:30.932792,24,2
2023-10-08T02:33:42.525331,24,2
2023-10-08T02:43:17.483929,24,3
2023-10-08T02:54:10.977366,24,1
2023-10-08T03:03:53.681073,24,2
2023-10-08T03:13:22.223995,24,3
2023-10-08T03:23:10.577810,24,2
2023-10-08T03:32:48.164977,24,2
2023-10-08T03:43:13.706490,24,3
2023-10-08T03:53:11.137766,24,2
2023-10-08T04:02:53.858366,24,3
2023-10-08T04:12:20.182639,24,2
2023-10-08T04:22:14.737119,24,1
2023-10-08T04:31:32.918886,24,4
2023-10-08T04:42:15.829654,24,0
2023-10-08T04:52:21.539631,24,3
2023-10-08T05:02:11.999146,24,3
2023-10-08T05:12:33.673198,24,0
2023-10-08T05:22:43.026384,24,1
2023-10-08T05:33:23.148606,24,3
2023-10-08T05:42:36.673687,24,1
2023-10-08T05:52:57.949019,24,2
2023-10-08T06:03:07.923488,24,3
2023-10-08T06:12:52.480495,24,1
2023-10-08T06:22:17.658074,24,3
2023-10-08T06:32:34.840568,24,0
2023-10-08T06:42:41.885257,24,1
2023-10-08T06:51:51.491210,24,1
2023-10-08T07:01:42.666903,24,2
2023-10-08T07:11:42.696865,24,0
2023-10-08T07:21:18.304391,24,1
2023-10-08T07:31:24.315928,24,3
2023-10-08T07:41:03.574239,24,0
2023-10-08T07:51:24.960578,24,1
2023-10-08T08:01:44.797111,24,1
2023-10-08T08:11:41.955418,24,1
2023-10-08T08:22:13.219047,24,0
2023-10-08T08:32:41.955590,24,2
2023-10-08T08:42:29.826092,24,3
2023-10-08T08:52:28.955462,24,3
2023-10-08T09:02:18.109191,24,2
2023-10-08T09:13:35.484910,24,2
2023-10-08T09:23:44.466939,24,5
2023-10-08T09:34:03.143056,24,4
2023-10-08T09:44:25.792186,24,2
2023-10-08T09:53:42.294475,24,5
2023-10-08T10:04:31.108697,24,2
2023-10-08T10:14:15.123421,24,2
2023-10-08T10:23:58.908997,24,2
2023-10-08T10:33:19.698754,24,3
2023-10-08T10:43:12.479970,24,3
2023-10-08T10:53:07.752997,24,1
2023-10-08T11:02:27.157815,24,2
2023-10-08T11:12:16.573560,24,5
2023-10-08T11:22:29.340751,24,4
2023-10-08T11:31:44.932269,24,3
2023-10-08T11:41:36.438718,24,8
2023-10-08T11:52:04.659347,24,2
2023-10-08T12:02:11.808005,24,1
2023-10-08T12:12:18.300545,24,7
2023-10-08T12:21:56.657279,24,6
2023-10-08T12:32:08.564331,24,3
2023-10-08T12:42:07.783880,24,3
2023-10-08T12:51:24.761054,24,3
2023-10-08T13:00:40.488912,24,3
2023-10-08T13:10:17.546072,24,0
2023-10-08T13:20:06.038269,24,1
2023-10-08T13:29:37.817805,24,0
2023-10-08T13:39:41.980544,24,1
2023-10-08T13:49:33.714503,24,2
2023-10-08T13:59:04.044459,24,0
2023-10-08T14:09:25.140407,24,1
2023-10-08T14:19:03.587259,24,3
2023-10-08T14:29:43.674796,24,2
2023-10-08T14:40:10.598760,24,2
2023-10-08T14:50:14.249897,24,1
2023-10-08T15:00:29.203370,24,0
2023-10-08T15:10:30.678506,24,2
2023-10-08T15:20:25.572781,24,0
2023-10-08T15:30:00.632592,24,0
2023-10-08T15:39:44.349159,24,1
2023-10-08T15:50:10.270355,24,0
2023-10-08T15:59:42.319086,24,2
2023-10-08T16:09:45.742732,24,1
2023-10-08T16:19:25.360831,24,2
2023-10-08T16:29:29.315389,24,0
2023-10-08T16:39:35.849825,24,2
2023-10-08T16:49:19.589448,24,2
2023-10-08T16:59:09.565115,24,6
2023-10-08T17:09:12.761328,24,2
2023-10-08T17:19:19.555177,24,1
2023-10-08T17:29:05.831756,24,0
2023-10-08T17:38:32.791715,24,2
2023-10-08T17:48:25.236454,24,4
2023-10-08T17:58:30.140547,24,4
2023-10-08T18:08:29.202360,24,0
2023-10-08T18:18:33.762134,24,1
2023-10-08T18:28:16.624840,24,1
2023-10-08T18:37:38.878014,24,3
2023-10-08T18:48:16.233055,24,4
2023-10-08T18:57:58.747480,24,4
2023-10-08T19:07:38.200063,24,2
2023-10-08T19:17:58.543224,24,5
2023-10-08T19:27:19.279158,24,2
2023-10-08T19:37:12.322505,24,3
2023-10-08T19:46:28.317925,24,6
2023-10-08T19:56:19.225125,24,5
2023-10-08T20:06:27.296117,24,2
2023-10-08T20:15:59.439306,24,5
2023-10-08T20:25:22.264512,24,8
2023-10-08T20:35:28.209578,24,6
2023-10-08T20:44:33.010618,24,7
2023-10-08T20:53:44.174629,24,12
2023-10-08T21:02:26.097481,24,7
2023-10-08T21:11:53.991410,24,7
2023-10-08T21:21:38.318347,24,3
2023-10-08T21:30:59.634262,24,7
2023-10-08T21:40:49.989451,24,7
2023-10-08T21:50:32.452793,24,7
2023-10-08T22:00:04.558898,24,6
2023-10-08T22:10:32.856821,24,4
2023-10-08T22:20:00.975616,24,7
2023-10-08T22:28:37.908050,24,10
2023-10-08T22:38:32.390354,24,6
2023-10-08T22:48:31.407185,24,9
2023-10-08T22:57:56.539931,24,5
2023-10-08T23:07:35.832777,24,6
2023-10-08T23:17:47.164645,24,5
2023-10-08T23:28:18.933454,24,2
2023-10-08T23:38:41.478852,24,4
2023-10-08T23:47:42.165353,24,8
2023-10-08T23:57:09.969883,24,6
2023-10-09T00:07:12.092539,24,6
2023-10-09T00:16:29.972081,24,10
2023-10-09T00:26:34.742122,24,6
2023-10-09T00:36:02.761504,24,3
2023-10-09T00:45:31.345691,24,8
2023-10-09T00:55:33.722218,24,7
2023-10-09T01:04:44.398231,24,8
2023-10-09T01:14:09.729351,24,11
2023-10-09T01:23:54.467590,24,5
2023-10-09T01:33:29.401024,24,9
2023-10-09T01:43:52.362521,24,4
2023-10-09T01:53:57.514264,24,8
2023-10-09T02:03:18.675755,24,5
2023-10-09T02:12:26.936006,24,6
2023-10-09T02:22:10.897045,24,5
2023-10-09T02:31:19.721910,24,8
2023-10-09T02:41:41.440586,24,1
2023-10-09T02:51:31.091879,24,4
2023-10-09T03:01:36.776206,24,4
2023-10-09T03:11:44.393410,24,5
2023-10-09T03:21:28.907181,24,7
2023-10-09T03:30:46.351973,24,6
2023-10-09T03:40:22.821232,24,8
2023-10-09T03:50:14.756535,24,5
2023-10-09T03:59:49.443151,24,8
2023-10-09T04:09:08.011158,24,8
2023-10-09T04:19:06.833836,24,7
2023-10-09T04:28:19.971917,24,6
2023-10-09T04:39:02.800875,24,5
2023-10-09T04:48:26.063772,24,3
2023-10-09T04:58:30.835852,24,7
2023-10-09T05:07:52.817962,24,5
2023-10-09T05:17:18.728040,24,8
2023-10-09T05:26:34.523155,24,6
2023-10-09T05:35:24.442802,24,4
2023-10-09T05:45:03.395236,24,7
2023-10-09T05:55:10.010641,24,4
2023-10-09T06:05:27.287273,24,5
2023-10-09T06:14:54.187280,24,11
2023-10-09T06:24:12.521644,24,9
2023-10-09T06:33:36.906410,24,9
2023-10-09T06:43:16.941689,24,6
2023-10-09T06:52:08.637227,24,8
2023-10-09T07:02:02.294444,24,7
2023-10-09T07:11:56.446717,24,6
2023-10-09T07:22:18.548245,24,5
2023-10-09T07:32:14.319425,24,5
2023-10-09T07:41:14.011451,24,9
2023-10-09T07:51:21.936031,24,5
2023-10-09T08:00:46.155639,24,4
2023-10-09T08:09:58.699135,24,5
2023-10-09T08:19:32.863323,24,5
2023-10-09T08:29:06.681934,24,3
2023-10-09T08:38:47.187312,24,3
2023-10-09T08:48:10.112457,24,2
2023-10-09T08:58:12.041839,24,0
2023-10-09T09:08:16.052635,24,2
2023-10-09T09:17:45.706224,24,3
2023-10-09T09:27:31.652785,24,2
2023-10-09T09:37:30.488706,24,1
2023-10-09T09:47:27.689376,24,4
2023-10-09T09:57:06.731384,24,5
2023-10-09T10:06:43.607717,24,3
2023-10-09T10:16:39.521497,24,6
2023-10-09T10:26:28.894149,24,2
2023-10-09T10:36:23.486654,24,3
2023-10-09T10:46:04.019692,24,1
2023-10-09T10:56:37.881926,24,2
2023-10-09T11:07:05.089346,24,1
2023-10-09T11:16:54.946294,24,3
2023-10-09T11:27:17.199884,24,1
2023-10-09T11:37:20.431979,24,4
2023-10-09T11:47:40.601913,24,0
2023-10-09T11:58:21.206254,24,1
2023-10-09T12:08:34.528671,24,0
2023-10-09T12:18:41.648707,24,3
2023-10-09T12:28:39.118582,24,1
2023-10-09T12:38:47.494694,24,1
2023-10-09T12:49:19.480073,24,0
2023-10-09T12:59:00.037611,24,1
2023-10-09T13:08:35.681158,24,1
2023-10-09T13:18:02.194828,24,2
2023-10-09T13:27:57.535307,24,0
2023-10-09T13:37:56.059587,24,0
2023-10-09T13:49:05.867209,24,0
2023-10-09T13:59:38.977372,24,2
2023-10-09T14:09:38.904863,24,1
2023-10-09T14:20:17.224708,24,2
2023-10-09T14:29:24.681945,24,3
2023-10-09T14:40:23.031039,24,0
2023-10-09T14:49:56.444247,24,1
2023-10-09T15:00:01.237827,24,2
2023-10-09T15:10:21.612267,24,2
2023-10-09T15:19:56.318988,24,4
2023-10-09T15:29:28.108924,24,2
2023-10-09T15:39:16.472117,24,3
2023-10-09T15:49:47.056351,24,2
2023-10-09T15:59:43.955945,24,0
2023-10-09T16:10:17.827107,24,1
2023-10-09T16:21:09.943079,24,0
2023-10-09T16:30:48.792803,24,0
2023-10-09T16:40:15.745668,24,0
2023-10-09T16:51:16.510455,24,0
2023-10-09T17:01:39.344682,24,1
2023-10-09T17:12:00.437081,24,2
2023-10-09T17:20:43.770574,24,1
2023-10-09T17:30:35.635452,24,0
2023-10-09T17:40:25.846651,24,1
2023-10-09T17:50:12.744657,24,1
2023-10-09T18:00:35.198341,24,1
2023-10-09T18:11:29.703026,24,2
2023-10-09T18:21:50.001195,24,2
2023-10-09T18:32:29.491768,24,2
2023-10-09T18:42:27.182452,24,0
2023-10-09T18:52:46.067074,24,1
2023-10-09T19:02:23.431018,24,1
2023-10-09T19:12:34.356493,24,1
2023-10-09T19:22:26.594216,24,1
2023-10-09T19:32:09.859654,24,2
2023-10-09T19:42:31.849737,24,0
2023-10-09T19:52:59.437064,24,1
2023-10-09T20:02:46.080681,24,2
2023-10-09T20:12:28.359568,24,1
2023-10-09T20:22:41.781395,24,3
2023-10-09T20:33:16.772310,24,0
2023-10-09T20:43:19.465711,24,1
2023-10-09T20:53:34.624494,24,2
2023-10-09T21:03:13.959415,24,1
2023-10-09T21:13:17.779260,24,1
2023-10-09T21:24:01.883477,24,2
2023-10-09T21:34:07.539203,24,1
2023-10-09T21:43:27.186366,24,3
2023-10-09T21:53:07.589496,24,2
2023-10-09T22:03:11.123997,24,3
2023-10-09T22:13:43.333303,24,3
2023-10-09T22:22:55.259247,24,4
2023-10-09T22:32:19.511459,24,2
2023-10-09T22:42:11.942039,24,1
2023-10-09T22:52:11.794335,24,1
2023-10-09T23:02:04.185181,24,1
2023-10-09T23:11:46.223910,24,0
2023-10-09T23:22:23.010339,24,0
2023-10-09T23:33:28.013912,24,0
2023-10-09T23:43:12.768334,24,2
2023-10-09T23:52:55.227581,24,0
2023-10-10T00:03:07.004875,24,1
2023-10-10T00:12:59.512391,24,2
2023-10-10T00:22:41.432749,24,2
2023-10-10T00:33:40.029434,24,0
2023-10-10T00:43:58.504627,24,1
2023-10-10T00:54:11.537662,24,0
2023-10-10T01:03:59.116403,24,4
2023-10-10T01:14:09.199595,24,1
2023-10-10T01:24:04.848875,24,1
2023-10-10T01:34:28.405923,24,2
2023-10-10T01:44:17.802728,24,1
2023-10-10T01:54:23.120148,24,3
2023-10-10T02:03:51.110515,24,2
2023-10-10T02:14:36.452685,24,1
2023-10-10T02:24:30.814387,24,2
2023-10-10T02:34:52.323058,24,2
2023-10-10T02:45:04.389630,24,1
2023-10-10T02:55:47.910529,24,1
2023-10-10T03:06:01.436436,24,3
2023-10-10T03:16:10.961953,24,1
2023-10-10T03:25:00.130380,24,3
2023-10-10T03:35:29.902508,24,1
2023-10-10T03:45:53.317465,24,4
2023-10-10T03:56:41.744934,24,1
2023-10-10T04:07:03.079993,24,3
2023-10-10T04:16:34.434996,24,2
2023-10-10T04:25:41.192322,24,1
2023-10-10T04:35:02.623719,24,5
2023-10-10T04:45:52.037556,24,2
2023-10-10T04:55:34.797838,24,4
2023-10-10T05:04:46.120936,24,1
2023-10-10T05:14:39.796048,24,4
2023-10-10T05:24:39.174998,24,4
2023-10-10T05:34:19.634103,24,1
2023-10-10T05:44:11.049695,24,2
2023-10-10T05:54:13.573507,24,1
2023-10-10T06:04:53.365408,24,1
2023-10-10T06:14:02.078259,24,4
2023-10-10T06:23:36.566909,24,2
2023-10-10T06:33:12.839191,24,3
2023-10-10T06:43:46.203957,24,0
2023-10-10T06:53:15.561072,24,1
2023-10-10T07:02:34.389548,24,0
2023-10-10T07:13:01.243869,24,2
2023-10-10T07:22:59.641388,24,1
2023-10-10T07:33:05.772223,24,2
2023-10-10T07:43:04.192028,24,2
2023-10-10T07:53:26.799905,24,2
2023-10-10T08:03:22.286610,24,4
2023-10-10T08:13:27.486641,24,2
2023-10-10T08:23:36.829029,24,0
2023-10-10T08:34:34.105376,24,1
2023-10-10T08:44:27.812580,24,1
2023-10-10T08:53:32.851755,24,1
2023-10-10T09:02:34.479619,24,2
2023-10-10T09:12:38.641766,24,0
2023-10-10T09:24:08.797509,24,0
2023-10-10T09:34:03.550695,24,1
2023-10-10T09:44:02.165411,24,0
2023-10-10T09:54:00.206931,24,2
2023-10-10T10:04:19.653034,24,1
2023-10-10T10:14:05.323175,24,3
2023-10-10T10:24:01.375158,24,3
2023-10-10T10:33:10.244098,24,1
2023-10-10T10:43:43.208467,24,1
2023-10-10T10:53:42.142686,24,2
2023-10-10T11:04:21.122365,24,1
2023-10-10T11:13:47.961299,24,1
2023-10-10T11:23:40.091367,24,3
2023-10-10T11:33:36.608569,24,1
2023-10-10T11:43:20.695573,24,1
2023-10-10T11:53:45.948893,24,0
2023-10-10T12:03:17.255903,24,0
2023-10-10T12:13:13.762447,24,2
2023-10-10T12:22:32.590939,24,1
2023-10-10T12:32:02.704956,24,2
2023-10-10T12:42:27.090340,24,0
2023-10-10T12:52:42.813568,24,0
2023-10-10T13:02:30.626591,24,3
2023-10-10T13:12:51.001332,24,1
2023-10-10T13:22:14.444152,24,5
2023-10-10T13:31:57.777780,24,1
2023-10-10T13:42:03.471684,24,0
2023-10-10T13:51:43.461610,24,2
2023-10-10T14:01:48.246120,24,2
2023-10-10T14:12:26.984311,24,0
2023-10-10T14:22:51.912518,24,0
2023-10-10T14:32:48.981675,24,0
2023-10-10T14:42:49.722124,24,1
2023-10-10T14:52:36.712404,24,0
2023-10-10T15:02:12.202939,24,0
2023-10-10T15:12:14.917583,24,1
2023-10-10T15:21:36.800281,24,0
2023-10-10T15:31:46.295227,24,0
2023-10-10T15:41:24.324847,24,2
2023-10-10T15:51:20.897833,24,0
2023-10-10T16:01:02.638487,24,1
2023-10-10T16:11:40.799807,24,0
2023-10-10T16:21:28.524973,24,1
2023-10-10T16:32:04.455231,24,2
2023-10-10T16:41:10.401607,24,3
2023-10-10T16:52:05.903802,24,0
2023-10-10T17:02:07.914795,24,2
2023-10-10T17:11:55.057676,24,1
2023-10-10T17:21:57.627656,24,0
2023-10-10T17:31:41.149405,24,0
2023-10-10T17:42:17.994099,24,3
2023-10-10T17:52:52.585066,24,2
2023-10-10T18:02:55.115557,24,0
2023-10-10T18:13:16.690080,24,0
2023-10-10T18:23:15.927840,24,0
2023-10-10T18:33:32.708659,24,3
2023-10-10T18:43:37.979098,24,0
2023-10-10T18:53:46.988271,24,0
2023-10-10T19:03:56.571746,24,1
2023-10-10T19:13:44.823867,24,1
2023-10-10T19:24:24.597889,24,1
2023-10-10T19:35:15.991548,24,0
2023-10-10T19:45:19.180594,24,3
2023-10-10T19:55:09.645955,24,2
2023-10-10T20:05:07.260090,24,0
2023-10-10T20:14:44.765598,24,2
2023-10-10T20:24:31.269357,24,0
2023-10-10T20:34:36.973298,24,3
2023-10-10T20:44:20.123152,24,1
2023-10-10T20:54:39.184538,24,0
2023-10-10T21:04:31.137617,24,0
2023-10-10T21:14:40.849311,24,2
2023-10-10T21:24:22.409460,24,4
2023-10-10T21:33:54.009465,24,4
2023-10-10T21:43:56.236010,24,2
2023-10-10T21:54:20.693572,24,0
2023-10-10T22:03:56.042163,24,1
2023-10-10T22:13:18.677258,24,0
2023-10-10T22:23:04.813174,24,0
2023-10-10T22:33:20.313790,24,3
2023-10-10T22:43:12.192212,24,1
2023-10-10T22:52:34.579932,24,4
2023-10-10T23:01:28.932491,24,2
2023-10-10T23:11:42.027342,24,1
2023-10-10T23:20:57.235389,24,2
2023-10-10T23:31:08.663536,24,2
2023-10-10T23:41:41.691107,24,1
2023-10-10T23:51:50.090958,24,0
2023-10-11T00:01:17.925196,24,5
2023-10-11T00:11:06.919650,24,1
2023-10-11T00:20:58.591366,24,2
2023-10-11T00:31:06.643894,24,1
2023-10-11T00:40:34.747300,24,1
2023-10-11T00:50:34.875476,24,0
2023-10-11T01:00:16.947328,24,0
2023-10-11T01:10:03.162469,24,1
2023-10-11T01:19:57.906153,24,1
2023-10-11T01:30:16.029852,24,2
2023-10-11T01:41:11.465646,24,2
2023-10-11T01:51:40.593495,24,3
2023-10-11T02:01:26.434635,24,2
2023-10-11T02:10:46.766221,24,3
2023-10-11T02:21:03.576477,24,1
2023-10-11T02:31:13.064411,24,1
2023-10-11T02:41:12.663876,24,4
2023-10-11T02:51:02.799446,24,2
2023-10-11T03:01:06.873160,24,1
2023-10-11T03:10:40.286676,24,2
2023-10-11T03:20:51.486386,24,1
2023-10-11T03:31:05.089471,24,1
2023-10-11T03:40:25.683165,24,4
2023-10-11T03:50:44.391666,24,3
2023-10-11T04:00:29.770386,24,2
2023-10-11T04:10:49.046448,24,2
2023-10-11T04:20:14.680045,24,1
2023-10-11T04:29:34.523254,24,2
2023-10-11T04:39:58.032841,24,3
2023-10-11T04:50:05.530876,24,2
2023-10-11T04:59:31.804110,24,2
2023-10-11T05:09:04.647857,24,1
2023-10-11T05:18:14.399712,24,3
2023-10-11T05:27:35.588763,24,4
2023-10-11T05:37:45.300891,24,2
2023-10-11T05:47:13.268699,24,0
2023-10-11T05:57:29.461569,24,0
2023-10-11T06:07:08.267783,24,4
2023-10-11T06:17:03.836708,24,2
2023-10-11T06:26:32.057521,24,2
2023-10-11T06:37:13.848055,24,2
2023-10-11T06:47:16.956465,24,1
2023-10-11T06:56:17.974824,24,4
2023-10-11T07:05:10.177807,24,2
2023-10-11T07:15:53.058644,24,2
2023-10-11T07:24:57.051012,24,2
2023-10-11T07:34:29.350874,24,3
2023-10-11T07:44:09.294514,24,2
2023-10-11T07:53:50.671641,24,1
2023-10-11T08:03:28.325008,24,0
2023-10-11T08:13:27.960054,24,1
2023-10-11T08:23:10.408821,24,0
2023-10-11T08:33:23.996808,24,1
2023-10-11T08:42:38.045816,24,4
2023-10-11T08:52:46.460205,24,3
2023-10-11T09:03:27.834686,24,2
2023-10-11T09:13:27.203689,24,2
2023-10-11T09:23:11.762930,24,1
2023-10-11T09:33:11.934849,24,4
2023-10-11T09:42:11.809236,24,1
2023-10-11T09:52:01.561793,24,0
2023-10-11T10:02:05.641534,24,1
2023-10-11T10:12:01.092315,24,2
2023-10-11T10:21:33.346516,24,5
2023-10-11T10:31:55.031323,24,0
2023-10-11T10:41:51.853441,24,2
2023-10-11T10:52:20.457548,24,2
2023-10-11T11:01:31.723788,24,2
2023-10-11T11:11:31.279022,24,2
2023-10-11T11:21:15.272841,24,2
2023-10-11T11:31:31.254586,24,1
2023-10-11T11:40:57.842497,24,3
2023-10-11T11:50:44.940207,24,3
2023-10-11T12:00:36.879524,24,0
2023-10-11T12:10:10.846204,24,0
2023-10-11T12:19:31.226298,24,2
2023-10-11T12:29:28.669408,24,0
2023-10-11T12:39:16.161634,24,1
2023-10-11T12:49:00.534649,24,1
2023-10-11T12:58:39.177097,24,1
2023-10-11T13:08:50.350121,24,0
2023-10-11T13:19:42.733604,24,0
2023-10-11T13:30:01.015192,24,1
2023-10-11T13:39:18.476806,24,0
2023-10-11T13:49:01.576393,24,0
2023-10-11T13:59:21.760674,24,1
2023-10-11T14:09:56.758018,24,0
2023-10-11T14:20:05.701945,24,1
2023-10-11T14:31:05.423873,24,1
2023-10-11T14:41:43.686134,24,2
2023-10-11T14:51:57.654548,24,0
2023-10-11T15:01:48.187828,24,0
2023-10-11T15:11:38.381834,24,1
2023-10-11T15:22:36.592374,24,0
2023-10-11T15:33:50.409954,24,0
2023-10-11T15:43:51.569235,24,0
2023-10-11T15:54:00.994791,24,0
2023-10-11T16:04:12.745070,24,0
2023-10-11T16:14:49.364057,24,0
2023-10-11T16:24:59.982889,24,0
2023-10-11T16:35:04.707258,24,0
2023-10-11T16:45:10.666658,24,1
2023-10-11T16:55:46.724753,24,1
2023-10-11T17:06:05.664887,24,0
2023-10-11T17:16:11.672841,24,0
2023-10-11T17:25:57.613681,24,3
2023-10-11T17:35:52.755480,24,0
2023-10-11T17:46:18.545500,24,0
2023-10-11T17:56:48.776751,24,0
2023-10-11T18:06:46.897303,24,4
2023-10-11T18:17:12.436627,24,0
2023-10-11T18:27:48.298523,24,0
2023-10-11T18:38:13.296166,24,2
2023-10-11T18:47:49.791062,24,3
2023-10-11T18:57:34.356484,24,5
2023-10-11T19:07:21.214835,24,4
2023-10-11T19:17:43.133255,24,3
2023-10-11T19:27:24.068574,24,1
2023-10-11T19:36:19.850045,24,2
2023-10-11T19:46:34.309363,24,1
2023-10-11T19:56:54.732552,24,0
2023-10-11T20:06:24.055146,24,5
2023-10-11T20:15:45.911511,24,5
2023-10-11T20:26:02.485115,24,4
2023-10-11T20:35:29.717962,24,3
2023-10-11T20:44:49.116904,24,2
2023-10-11T20:55:46.850813,24,3
2023-10-11T21:05:34.065769,24,2
2023-10-11T21:15:23.583097,24,1
2023-10-11T21:25:14.651961,24,2
2023-10-11T21:34:56.297395,24,1
2023-10-11T21:44:48.784790,24,3
2023-10-11T21:53:51.936790,24,1
2023-10-11T22:03:10.545322,24,7
2023-10-11T22:12:42.942525,24,5
2023-10-11T22:22:53.785467,24,1
2023-10-11T22:32:49.736282,24,3
2023-10-11T22:42:48.896537,24,6
2023-10-11T22:52:20.216552,24,1
2023-10-11T23:02:29.032728,24,2
2023-10-11T23:11:26.050316,24,4
2023-10-11T23:20:36.324636,24,3
2023-10-11T23:30:25.262574,24,1
2023-10-11T23:40:20.810877,24,2
2023-10-11T23:50:11.382700,24,2
2023-10-11T23:59:21.249178,24,0
2023-10-12T00:09:44.453367,24,1
2023-10-12T00:20:11.007346,24,1
2023-10-12T00:29:59.575842,24,2
2023-10-12T00:40:00.189878,24,3
2023-10-12T00:49:43.090455,24,2
2023-10-12T00:59:19.937119,24,2
2023-10-12T01:09:02.035066,24,2
2023-10-12T01:18:34.836115,24,2
2023-10-12T01:28:33.451273,24,4
2023-10-12T01:38:05.704823,24,4
2023-10-12T01:47:52.134389,24,7
2023-10-12T01:57:48.743280,24,2
2023-10-12T02:07:17.305830,24,3
2023-10-12T02:18:46.702886,24,1
2023-10-12T02:28:52.333629,24,5
2023-10-12T02:39:13.989106,24,4
2023-10-12T02:49:11.358966,24,2
2023-10-12T02:59:24.449804,24,5
2023-10-12T03:09:18.959119,24,4
2023-10-12T03:19:43.917758,24,3
2023-10-12T03:29:25.093173,24,5
2023-10-12T03:38:58.892989,24,5
2023-10-12T03:48:19.239991,24,2
2023-10-12T03:57:55.172794,24,3
2023-10-12T04:07:58.646879,24,1
2023-10-12T04:19:03.472406,24,3
2023-10-12T04:29:07.204826,24,0
2023-10-12T04:39:06.006395,24,1
2023-10-12T04:48:53.256107,24,0
2023-10-12T04:58:00.113429,24,0
2023-10-12T05:08:20.422437,24,0
2023-10-12T05:18:28.981389,24,1
2023-10-12T05:28:36.800575,24,1
2023-10-12T05:38:48.446075,24,1
2023-10-12T05:47:59.128708,24,7
2023-10-12T05:57:30.475360,24,4
2023-10-12T06:07:54.956954,24,3
2023-10-12T06:17:09.138881,24,1
2023-10-12T06:27:15.463129,24,1
2023-10-12T06:37:28.124891,24,3
2023-10-12T06:47:14.020059,24,1
2023-10-12T06:57:20.370010,24,2
2023-10-12T07:06:35.794470,24,4
2023-10-12T07:16:46.168282,24,0
2023-10-12T07:26:51.338155,24,1
2023-10-12T07:36:32.541520,24,2
2023-10-12T07:46:25.173574,24,1
2023-10-12T07:56:45.027499,24,0
2023-10-12T08:06:39.333851,24,2
2023-10-12T08:17:27.512594,24,2
2023-10-12T08:27:01.972856,24,1
2023-10-12T08:37:06.291152,24,4
2023-10-12T08:46:22.955379,24,4
2023-10-12T08:56:04.530869,24,1
2023-10-12T09:06:51.700115,24,2
2023-10-12T09:16:24.188675,24,0
2023-10-12T09:26:20.000358,24,0
2023-10-12T09:35:54.017475,24,1
2023-10-12T09:46:02.720942,24,0
2023-10-12T09:55:34.618717,24,0
2023-10-12T10:05:07.136471,24,0
2023-10-12T10:15:08.618750,24,2
2023-10-12T10:24:45.853451,24,0
2023-10-12T10:34:33.389553,24,0
2023-10-12T10:44:55.275069,24,0
2023-10-12T10:54:36.187033,24,3
2023-10-12T11:04:26.780647,24,1
2023-10-12T11:14:17.970193,24,0
2023-10-12T11:24:01.593374,24,1
2023-10-12T11:34:48.183112,24,0
2023-10-12T11:44:34.503232,24,0
2023-10-12T11:54:18.613350,24,0
2023-10-12T12:04:28.987793,24,0
2023-10-12T12:14:38.787053,24,0
2023-10-12T12:25:08.054219,24,2
2023-10-12T12:34:32.907401,24,1
2023-10-12T12:44:59.002855,24,1
2023-10-12T12:55:15.332946,24,2
2023-10-12T13:04:43.588019,24,2
2023-10-12T13:14:40.734030,24,1
2023-10-12T13:24:37.560128,24,1
2023-10-12T13:33:56.571421,24,0
2023-10-12T13:44:05.520953,24,1
2023-10-12T13:53:19.361347,24,1
2023-10-12T14:03:41.515125,24,0
2023-10-12T14:14:08.346941,24,0
2023-10-12T14:25:30.500039,24,1
2023-10-12T14:35:18.863002,24,0
2023-10-12T14:45:20.943353,24,1
2023-10-12T14:54:49.899256,24,1
2023-10-12T15:04:32.436007,24,1
2023-10-12T15:14:36.903249,24,1
2023-10-12T15:25:06.021965,24,1
2023-10-12T15:35:32.751148,24,1
2023-10-12T15:45:03.387620,24,2
2023-10-12T15:55:17.778118,24,1
2023-10-12T16:05:22.228479,24,0
2023-10-12T16:15:31.133554,24,1
2023-10-12T16:25:15.078387,24,0
2023-10-12T16:35:08.430094,24,0
2023-10-12T16:45:15.670094,24,1
2023-10-12T16:55:04.733380,24,1
2023-10-12T17:05:05.083142,24,2
2023-10-12T17:15:18.312556,24,0
2023-10-12T17:25:01.822803,24,2
2023-10-12T17:35:16.490558,24,0
2023-10-12T17:45:37.342194,24,0
2023-10-12T17:55:24.684075,24,0
2023-10-12T18:05:43.388277,24,0
2023-10-12T18:16:05.635190,24,0
2023-10-12T18:25:46.146141,24,2
2023-10-12T18:35:46.183752,24,0
2023-10-12T18:46:01.133124,24,1
2023-10-12T18:55:49.702384,24,1
2023-10-12T19:05:08.824779,24,2
2023-10-12T19:14:28.452029,24,1
2023-10-12T19:24:04.902857,24,0
2023-10-12T19:34:08.691810,24,1
2023-10-12T19:43:22.286280,24,1
2023-10-12T19:53:01.099876,24,1
2023-10-12T20:03:29.595450,24,0
2023-10-12T20:13:45.143125,24,1
2023-10-12T20:24:05.978296,24,2
2023-10-12T20:33:42.368553,24,2
2023-10-12T20:44:15.274240,24,2
2023-10-12T20:53:45.632834,24,2
2023-10-12T21:02:45.660768,24,4
2023-10-12T21:13:06.598621,24,4
2023-10-12T21:23:43.067719,24,2
2023-10-12T21:33:59.330297,24,2
2023-10-12T21:43:57.741892,24,2
2023-10-12T21:54:17.024665,24,1
2023-10-12T22:04:00.550860,24,1
2023-10-12T22:13:56.088389,24,0
2023-10-12T22:24:34.551879,24,1
2023-10-12T22:34:02.725426,24,1
2023-10-12T22:44:12.907348,24,2
2023-10-12T22:53:43.043724,24,3
2023-10-12T23:03:44.067688,24,3
2023-10-12T23:13:19.524403,24,2
2023-10-12T23:23:09.014349,24,2
2023-10-12T23:32:42.217654,24,3
2023-10-12T23:42:25.897623,24,2
2023-10-12T23:52:14.372126,24,3
2023-10-13T00:02:02.187324,24,1
2023-10-13T00:11:58.885799,24,0
2023-10-13T00:21:49.038093,24,1
2023-10-13T00:30:36.693404,24,0
2023-10-13T00:41:01.217231,24,0
2023-10-13T00:51:02.480790,24,1
2023-10-13T01:00:47.851334,24,1
2023-10-13T01:10:49.277419,24,0
2023-10-13T01:20:42.443991,24,2
2023-10-13T01:30:25.544306,24,1
2023-10-13T01:40:21.440630,24,2
2023-10-13T01:50:26.638534,24,2
2023-10-13T02:00:13.492941,24,0
2023-10-13T02:10:33.851320,24,2
2023-10-13T02:20:56.910757,24,1
2023-10-13T02:31:38.297033,24,0
2023-10-13T02:41:56.564269,24,3
2023-10-13T02:52:18.220035,24,1
2023-10-13T03:02:43.680148,24,0
2023-10-13T03:12:26.926709,24,2
2023-10-13T03:21:18.689650,24,3
2023-10-13T03:31:08.618954,24,2
2023-10-13T03:41:20.999135,24,1
2023-10-13T03:51:29.783896,24,1
2023-10-13T04:01:12.152938,24,2
2023-10-13T04:11:03.903101,24,1
2023-10-13T04:20:49.273130,24,1
2023-10-13T04:31:22.231500,24,1
2023-10-13T04:41:32.555658,24,0
2023-10-13T04:51:43.174021,24,1
2023-10-13T05:01:49.400891,24,1
2023-10-13T05:12:19.531717,24,2
2023-10-13T05:21:27.024473,24,6
2023-10-13T05:31:33.988752,24,1
2023-10-13T05:41:06.166965,24,3
2023-10-13T05:50:18.698675,24,6
2023-10-13T06:00:18.861287,24,5
2023-10-13T06:09:55.441324,24,4
2023-10-13T06:19:55.710807,24,1
2023-10-13T06:29:56.119599,24,2
2023-10-13T06:39:50.547418,24,2
2023-10-13T06:49:56.552186,24,1
2023-10-13T06:59:33.460380,24,0
2023-10-13T07:09:43.564640,24,3
2023-10-13T07:19:48.526276,24,3
2023-10-13T07:30:24.215162,24,4
2023-10-13T07:39:57.662305,24,0
2023-10-13T07:49:28.650166,24,4
2023-10-13T07:58:37.567596,24,0
2023-10-13T08:08:18.284233,24,6
2023-10-13T08:18:50.961291,24,3
2023-10-13T08:29:25.634096,24,5
2023-10-13T08:38:45.743021,24,1
2023-10-13T08:48:39.140340,24,0
2023-10-13T08:58:38.530797,24,3
2023-10-13T09:08:39.200968,24,3
2023-10-13T09:19:08.843242,24,0
2023-10-13T09:29:08.164362,24,1
2023-10-13T09:38:50.392366,24,2
2023-10-13T09:49:06.368109,24,1
2023-10-13T09:58:58.072102,24,1
2023-10-13T10:08:44.953628,24,0
2023-10-13T10:18:59.603193,24,0
2023-10-13T10:28:44.288244,24,0
2023-10-13T10:38:38.991418,24,1
2023-10-13T10:48:18.518563,24,1
2023-10-13T10:57:54.194353,24,1
2023-10-13T11:06:35.199784,24,1
2023-10-13T11:15:59.842889,24,0
2023-10-13T11:24:54.089924,24,1
2023-10-13T11:34:50.496043,24,0
2023-10-13T11:44:49.393758,24,0
2023-10-13T11:54:07.107577,24,1
2023-10-13T12:04:14.185111,24,3
2023-10-13T12:14:49.093573,24,1
2023-10-13T12:24:47.004653,24,1
2023-10-13T12:34:56.398169,24,3
2023-10-13T12:45:32.216656,24,1
2023-10-13T12:55:35.890606,24,1
2023-10-13T13:05:07.881963,24,0
2023-10-13T13:15:13.030924,24,0
2023-10-13T13:25:06.131365,24,1
2023-10-13T13:34:51.871163,24,0
2023-10-13T13:44:05.332110,24,3
2023-10-13T13:53:41.749456,24,3
2023-10-13T14:04:09.415960,24,0
2023-10-13T14:14:19.608436,24,2
2023-10-13T14:24:32.059917,24,2
2023-10-13T14:34:12.546578,24,2
2023-10-13T14:44:38.150201,24,2
2023-10-13T14:54:58.689815,24,0
2023-10-13T15:04:45.627645,24,1
2023-10-13T15:14:08.279415,24,2
2023-10-13T15:24:08.410225,24,0
2023-10-13T15:34:00.899715,24,1
2023-10-13T15:44:29.013587,24,2
2023-10-13T15:54:42.677405,24,0
2023-10-13T16:04:24.264058,24,3
2023-10-13T16:14:23.806174,24,0
2023-10-13T16:24:22.043146,24,1
2023-10-13T16:34:11.710318,24,2
2023-10-13T16:44:04.113777,24,0
2023-10-13T16:54:10.910426,24,0
2023-10-13T17:04:14.943478,24,1
2023-10-13T17:14:18.641157,24,1
2023-10-13T17:23:57.327895,24,0
2023-10-13T17:34:44.124575,24,1
2023-10-13T17:44:30.621143,24,0
2023-10-13T17:54:40.308182,24,2
2023-10-13T18:04:47.605474,24,1
2023-10-13T18:14:32.470288,24,2
2023-10-13T18:24:51.722250,24,0
2023-10-13T18:34:43.771399,24,2
2023-10-13T18:44:34.605946,24,0
2023-10-13T18:54:21.821431,24,1
2023-10-13T19:04:41.315380,24,3
2023-10-13T19:14:11.793268,24,7
2023-10-13T19:23:56.834915,24,2
2023-10-13T19:34:20.860651,24,5
2023-10-13T19:44:04.933981,24,4
2023-10-13T19:54:20.187073,24,2
2023-10-13T20:04:08.156820,24,4
2023-10-13T20:14:09.121151,24,2
2023-10-13T20:23:41.741844,24,4
2023-10-13T20:33:51.726588,24,5
2023-10-13T20:44:05.544705,24,2
2023-10-13T20:53:43.271464,24,4
2023-10-13T21:02:41.285216,24,3
2023-10-13T21:13:02.627338,24,5
2023-10-13T21:22:07.879582,24,6
2023-10-13T21:31:17.288089,24,6
2023-10-13T21:41:13.088457,24,2
2023-10-13T21:50:47.052843,24,2
2023-10-13T22:00:24.015975,24,0
2023-10-13T22:09:44.334166,24,3
2023-10-13T22:19:16.710203,24,4
2023-10-13T22:28:49.019635,24,3
2023-10-13T22:37:52.184529,24,3
2023-10-13T22:47:33.390417,24,5
2023-10-13T22:57:16.534558,24,2
2023-10-13T23:06:44.148313,24,1
2023-10-13T23:15:58.184526,24,7
2023-10-13T23:24:52.736383,24,4
2023-10-13T23:35:06.946891,24,2
2023-10-13T23:45:11.685657,24,4
2023-10-13T23:55:02.538416,24,1
2023-10-14T00:04:37.293621,24,3
2023-10-14T00:24:38.039211,24,1
2023-10-14T00:34:34.426909,24,2
2023-10-14T00:43:57.106396,24,3
2023-10-14T00:53:22.848428,24,2
2023-10-14T01:02:47.190343,24,4
2023-10-14T01:12:56.686097,24,4
2023-10-14T01:22:16.845029,24,3
2023-10-14T01:31:50.013031,24,3
2023-10-14T01:41:29.885914,24,6
2023-10-14T01:51:32.123293,24,3
2023-10-14T02:02:11.196671,24,0
2023-10-14T02:12:00.624858,24,0
2023-10-14T02:22:10.457303,24,2
2023-10-14T02:32:43.217180,24,4
2023-10-14T02:42:56.213874,24,2
2023-10-14T02:52:48.675625,24,4
2023-10-14T03:02:52.815468,24,2
2023-10-14T03:13:06.265440,24,1
2023-10-14T03:23:00.515856,24,4
2023-10-14T03:33:13.054681,24,2
2023-10-14T03:43:22.421383,24,3
2023-10-14T03:53:39.895613,24,2
2023-10-14T04:03:12.160364,24,2
2023-10-14T04:12:53.014501,24,6
2023-10-14T04:22:39.814066,24,2
2023-10-14T04:32:17.722110,24,2
2023-10-14T04:41:53.123885,24,3
2023-10-14T04:52:07.463602,24,3
2023-10-14T05:01:45.574211,24,4
2023-10-14T05:10:53.099245,24,2
2023-10-14T05:21:11.551303,24,4
2023-10-14T05:30:44.578593,24,3
2023-10-14T05:40:57.660617,24,4
2023-10-14T05:49:36.992007,24,9
2023-10-14T05:59:25.219380,24,4
2023-10-14T06:10:05.269771,24,2
2023-10-14T06:18:57.202422,24,6
2023-10-14T06:28:58.110378,24,3
2023-10-14T06:38:10.772635,24,5
2023-10-14T06:48:42.956146,24,1
2023-10-14T06:58:10.672356,24,8
2023-10-14T07:07:52.625887,24,3
2023-10-14T07:17:35.505158,24,4
2023-10-14T07:27:59.804674,24,4
2023-10-14T07:37:33.638735,24,3
2023-10-14T07:47:41.023297,24,4
2023-10-14T07:57:05.924167,24,6
2023-10-14T08:06:51.424405,24,3
2023-10-14T08:16:29.894793,24,3
2023-10-14T08:26:28.163652,24,2
2023-10-14T08:36:43.989149,24,3
2023-10-14T08:46:54.487464,24,3
2023-10-14T08:57:24.759834,24,1
2023-10-14T09:07:34.021736,24,1
2023-10-14T09:17:07.983837,24,4
2023-10-14T09:26:55.078490,24,3
2023-10-14T09:37:00.275782,24,2
2023-10-14T09:46:49.690910,24,2
2023-10-14T09:56:43.188177,24,0
2023-10-14T10:06:43.830152,24,1
2023-10-14T10:16:52.397181,24,2
2023-10-14T10:26:14.319025,24,1
2023-10-14T10:36:15.497371,24,3
2023-10-14T10:46:29.037316,24,2
2023-10-14T10:56:24.874724,24,0
2023-10-14T11:06:28.459031,24,0
2023-10-14T11:16:31.585829,24,1
2023-10-14T11:25:46.071955,24,0
2023-10-14T11:35:46.392550,24,0
2023-10-14T11:45:34.834565,24,0
2023-10-14T11:56:03.654803,24,0
2023-10-14T12:06:29.232219,24,0
2023-10-14T12:16:33.682489,24,1
2023-10-14T12:26:18.958522,24,2
2023-10-14T12:36:35.723276,24,1
2023-10-14T12:47:05.505221,24,0
2023-10-14T12:56:47.563493,24,0
2023-10-14T13:07:03.543988,24,0
2023-10-14T13:17:13.006108,24,2
2023-10-14T13:27:10.460733,24,0
2023-10-14T13:37:34.082271,24,0
2023-10-14T13:47:27.737542,24,0
2023-10-14T13:57:44.745791,24,1
2023-10-14T14:08:15.204432,24,1
2023-10-14T14:18:25.026780,24,0
2023-10-14T14:28:09.147668,24,1
2023-10-14T14:38:40.686924,24,0
2023-10-14T14:49:03.998016,24,0
2023-10-14T14:59:25.472276,24,1
2023-10-14T15:09:23.705432,24,0
2023-10-14T15:19:41.481686,24,1
2023-10-14T15:29:12.683826,24,0
2023-10-14T15:39:13.406730,24,0
2023-10-14T15:49:12.774236,24,1
2023-10-14T15:59:18.816320,24,0
2023-10-14T16:09:11.392024,24,0
2023-10-14T16:20:15.775015,24,0
2023-10-14T16:30:56.157173,24,0
2023-10-14T16:40:55.472250,24,0
2023-10-14T16:50:50.354207,24,0
2023-10-14T17:01:14.929344,24,0
2023-10-14T17:10:45.594294,24,0
2023-10-14T17:20:54.394245,24,1
2023-10-14T17:30:21.797437,24,2
2023-10-14T17:40:23.467373,24,0
2023-10-14T17:50:30.733656,24,1
2023-10-14T18:00:43.331654,24,0
2023-10-14T18:10:13.117142,24,3
2023-10-14T18:20:34.533596,24,1
2023-10-14T18:30:17.498077,24,1
2023-10-14T18:40:16.460408,24,4
2023-10-14T18:50:33.640028,24,0
2023-10-14T19:00:26.578247,24,1
2023-10-14T19:10:30.967831,24,0
2023-10-14T19:20:34.966672,24,0
2023-10-14T19:30:24.355081,24,1
2023-10-14T19:40:07.969701,24,0
2023-10-14T19:49:53.716509,24,0
2023-10-14T20:00:22.936909,24,0
2023-10-14T20:10:20.981773,24,0
2023-10-14T20:19:28.610580,24,2
2023-10-14T20:30:01.485229,24,0
2023-10-14T20:40:30.731109,24,5
2023-10-14T20:50:50.476768,24,1
2023-10-14T21:00:16.090076,24,2
2023-10-14T21:10:30.854590,24,1
2023-10-14T21:20:51.440235,24,4
2023-10-14T21:30:26.166943,24,2
2023-10-14T21:40:15.095773,24,1
2023-10-14T21:50:17.346602,24,0
2023-10-14T21:59:45.853099,24,3
2023-10-14T22:09:12.109016,24,1
2023-10-14T22:19:32.493243,24,0
2023-10-14T22:29:23.681606,24,1
2023-10-14T22:39:18.879604,24,3
2023-10-14T22:50:23.046246,24,1
2023-10-14T23:00:01.492395,24,4
2023-10-14T23:10:38.362046,24,0
2023-10-14T23:21:00.764290,24,1
2023-10-14T23:30:57.445746,24,0
2023-10-14T23:40:53.098395,24,3
2023-10-14T23:51:17.212131,24,1
2023-10-15T00:01:01.615956,24,1
2023-10-15T00:10:45.178817,24,0
2023-10-15T00:20:37.421550,24,2
2023-10-15T00:30:56.750811,24,0
2023-10-15T00:41:20.281598,24,0
2023-10-15T00:51:22.843019,24,1
2023-10-15T01:02:11.671628,24,1
2023-10-15T01:12:11.463496,24,0
2023-10-15T01:21:26.306564,24,1
2023-10-15T01:31:40.727791,24,2
2023-10-15T01:41:34.537725,24,0
2023-10-15T01:51:20.326382,24,1
2023-10-15T02:01:19.988182,24,2
2023-10-15T02:11:04.882014,24,1
2023-10-15T02:21:36.429104,24,1
2023-10-15T02:31:45.940638,24,1
2023-10-15T02:41:25.536661,24,1
2023-10-15T02:51:50.611260,24,0
2023-10-15T03:02:03.040060,24,1
2023-10-15T03:11:59.990892,24,0
2023-10-15T03:22:04.852868,24,1
2023-10-15T03:32:06.828472,24,1
2023-10-15T03:42:04.699239,24,2
2023-10-15T03:51:54.728247,24,1
2023-10-15T04:01:45.426818,24,1
2023-10-15T04:10:59.452574,24,2
2023-10-15T04:21:10.682202,24,0
2023-10-15T04:30:53.395152,24,1
2023-10-15T04:41:24.802154,24,1
2023-10-15T04:51:22.876351,24,4
2023-10-15T05:01:41.710357,24,1
2023-10-15T05:11:51.224621,24,0
2023-10-15T05:21:36.703237,24,0
2023-10-15T05:33:12.405317,24,0
2023-10-15T05:42:44.563858,24,3
2023-10-15T05:52:02.011189,24,1
2023-10-15T06:02:25.667287,24,2
2023-10-15T06:12:18.673376,24,0
2023-10-15T06:22:37.518598,24,2
2023-10-15T06:32:50.343579,24,0
2023-10-15T06:42:14.371006,24,0
2023-10-15T06:52:34.736306,24,0
2023-10-15T07:02:20.834050,24,3
2023-10-15T07:12:06.625684,24,0
2023-10-15T07:21:33.921473,24,1
2023-10-15T07:31:07.558806,24,1
2023-10-15T07:41:20.255359,24,3
2023-10-15T07:51:55.421703,24,1
2023-10-15T08:01:38.381931,24,1
2023-10-15T08:11:23.602081,24,0
2023-10-15T08:21:13.820891,24,0
2023-10-15T08:30:27.694206,24,1
2023-10-15T08:40:57.050242,24,0
2023-10-15T08:51:09.996514,24,0
2023-10-15T09:01:21.755915,24,1
2023-10-15T09:10:57.227265,24,6
2023-10-15T09:20:38.744802,24,0
2023-10-15T09:31:02.814517,24,1
2023-10-15T09:40:45.205185,24,0
2023-10-15T09:50:37.602654,24,0
2023-10-15T10:00:36.801897,24,1
2023-10-15T10:10:37.838756,24,0
2023-10-15T10:19:58.367907,24,0
2023-10-15T10:29:49.593289,24,0
2023-10-15T10:40:03.422485,24,1
2023-10-15T10:49:56.160778,24,1
2023-10-15T10:59:45.317099,24,1
2023-10-15T11:09:26.487660,24,0
2023-10-15T11:19:39.984666,24,0
2023-10-15T11:30:01.166967,24,0
2023-10-15T11:40:05.724379,24,0
2023-10-15T11:48:46.192495,24,1
2023-10-15T11:58:53.467897,24,0
2023-10-15T12:08:54.284632,24,1
2023-10-15T12:18:25.292755,24,0
2023-10-15T12:28:39.263823,24,0
2023-10-15T12:39:00.365352,24,1
2023-10-15T12:49:04.258419,24,2
2023-10-15T12:59:13.692532,24,2
2023-10-15T13:08:44.726514,24,0
2023-10-15T13:18:44.861630,24,2
2023-10-15T13:28:27.257689,24,0
2023-10-15T13:39:18.335401,24,0
2023-10-15T13:49:21.745765,24,0
2023-10-15T13:59:15.866382,24,1
2023-10-15T14:09:03.969732,24,1
2023-10-15T14:18:45.632949,24,0
2023-10-15T14:28:41.487275,24,0
2023-10-15T14:38:56.386258,24,2
2023-10-15T14:47:51.385484,24,2
2023-10-15T14:57:46.855262,24,2
2023-10-15T15:06:23.660913,24,2
2023-10-15T15:16:14.129475,24,0
2023-10-15T15:26:00.178969,24,3
2023-10-15T15:36:14.653063,24,1
2023-10-15T15:45:34.041000,24,2
2023-10-15T15:55:22.127510,24,0
2023-10-15T16:04:52.798702,24,1
2023-10-15T16:15:54.135169,24,0
2023-10-15T16:26:09.234678,24,1
2023-10-15T16:36:12.185385,24,0
2023-10-15T16:45:54.166796,24,1
2023-10-15T16:55:33.958550,24,0
2023-10-15T17:05:11.438705,24,1
2023-10-15T17:14:40.402976,24,0
2023-10-15T17:25:08.229815,24,1
2023-10-15T17:34:48.804354,24,0
2023-10-15T17:45:24.562982,24,0
2023-10-15T17:56:23.057718,24,0
2023-10-15T18:07:08.088199,24,0
2023-10-15T18:17:29.440593,24,0
2023-10-15T18:27:29.302939,24,0
2023-10-15T18:36:55.769592,24,1
2023-10-15T18:46:55.951766,24,0
2023-10-15T18:56:43.082875,24,1
2023-10-15T19:06:34.040825,24,0
2023-10-15T19:16:43.035210,24,2
2023-10-15T19:27:05.050891,24,0
2023-10-15T19:37:00.118649,24,0
2023-10-15T19:47:07.102256,24,1
2023-10-15T19:57:45.228074,24,0
2023-10-15T20:07:31.661034,24,1
2023-10-15T20:17:06.229655,24,2
2023-10-15T20:26:30.591279,24,2
2023-10-15T20:36:24.899254,24,0
2023-10-15T20:46:27.769315,24,1
2023-10-15T20:57:04.229746,24,0
2023-10-15T21:06:57.406654,24,0
2023-10-15T21:16:27.134516,24,1
2023-10-15T21:26:20.329488,24,2
2023-10-15T21:36:57.551924,24,1
2023-10-15T21:47:18.579760,24,1
2023-10-15T21:57:01.978095,24,2
2023-10-15T22:07:31.255218,24,0
2023-10-15T22:17:52.696680,24,1
2023-10-15T22:27:45.352566,24,1
2023-10-15T22:37:31.063894,24,0
2023-10-15T22:46:59.645530,24,3
2023-10-15T22:57:40.742308,24,0
2023-10-15T23:08:00.362712,24,3
2023-10-15T23:18:07.718237,24,2
2023-10-15T23:27:36.223565,24,1
2023-10-15T23:37:39.585723,24,2
2023-10-15T23:47:43.067608,24,2
2023-10-15T23:58:03.052822,24,2
2023-10-16T00:07:40.127458,24,2
2023-10-16T00:17:37.961537,24,2
2023-10-16T00:28:23.939753,24,1
2023-10-16T00:37:49.154001,24,3
2023-10-16T00:47:05.613965,24,2
2023-10-16T00:56:45.892748,24,1
2023-10-16T01:06:23.987567,24,1
2023-10-16T01:16:07.032336,24,0
2023-10-16T01:26:19.673183,24,1
2023-10-16T01:35:51.439889,24,2
2023-10-16T01:46:06.801825,24,2
2023-10-16T01:55:54.363557,24,2
2023-10-16T02:05:18.553926,24,3
2023-10-16T02:15:06.159383,24,1
2023-10-16T02:25:38.266655,24,2
2023-10-16T02:36:09.089343,24,1
2023-10-16T02:45:46.458612,24,1
2023-10-16T02:55:29.350557,24,5
2023-10-16T03:05:11.463653,24,3
2023-10-16T03:14:20.370054,24,2
2023-10-16T03:24:06.529114,24,2
2023-10-16T03:33:06.823020,24,6
2023-10-16T03:43:19.631011,24,3
2023-10-16T03:52:31.538800,24,3
2023-10-16T04:02:29.204802,24,3
2023-10-16T04:12:50.504610,24,2
2023-10-16T04:21:47.165188,24,5
2023-10-16T04:32:08.486424,24,4
2023-10-16T04:41:42.595126,24,2
2023-10-16T04:51:09.041653,24,6
2023-10-16T05:01:02.239900,24,3
2023-10-16T05:11:24.009740,24,3
2023-10-16T05:20:58.798140,24,4
2023-10-16T05:30:43.028434,24,3
2023-10-16T05:40:48.811435,24,4
2023-10-16T05:50:21.838313,24,1
2023-10-16T06:00:06.384515,24,2
2023-10-16T06:10:44.444690,24,3
2023-10-16T06:19:58.461438,24,6
2023-10-16T06:29:59.440754,24,4
2023-10-16T06:38:59.051216,24,7
2023-10-16T06:47:48.981536,24,4
2023-10-16T06:57:22.411519,24,5
2023-10-16T07:06:31.602359,24,7
2023-10-16T07:16:45.657297,24,5
2023-10-16T07:26:44.800880,24,9
2023-10-16T07:36:28.706224,24,4
2023-10-16T07:47:23.398935,24,1
2023-10-16T07:57:10.229727,24,5
2023-10-16T08:06:55.293489,24,1
2023-10-16T08:16:18.918613,24,1
2023-10-16T08:25:46.236403,24,4
2023-10-16T08:34:53.676080,24,4
2023-10-16T08:45:14.357875,24,1
2023-10-16T08:55:14.315749,24,3
2023-10-16T09:04:35.752446,24,1
2023-10-16T09:14:52.739232,24,1
2023-10-16T09:25:00.408304,24,2
2023-10-16T09:34:29.577081,24,0
2023-10-16T09:44:46.786708,24,0
2023-10-16T09:55:05.125562,24,1
2023-10-16T10:05:46.554162,24,0
2023-10-16T10:16:32.093840,24,0
2023-10-16T10:26:48.274246,24,1
2023-10-16T10:36:52.752409,24,2
2023-10-16T10:46:32.334885,24,2
2023-10-16T10:56:54.161822,24,1
2023-10-16T11:07:58.328238,24,0
2023-10-16T11:17:42.343637,24,0
2023-10-16T11:27:16.406738,24,2
2023-10-16T11:36:47.422643,24,1
2023-10-16T11:46:18.711674,24,2
2023-10-16T11:56:30.305683,24,0
2023-10-16T12:06:42.209969,24,1
2023-10-16T12:16:10.269876,24,2
2023-10-16T12:26:11.979455,24,1
2023-10-16T12:35:30.227220,24,2
2023-10-16T12:46:38.010214,24,2
2023-10-16T12:56:24.946815,24,0
2023-10-16T13:06:44.308593,24,0
2023-10-16T13:17:09.372157,24,2
2023-10-16T13:26:50.296672,24,0
2023-10-16T13:37:36.954000,24,0
2023-10-16T13:48:06.045245,24,0
2023-10-16T13:57:38.325306,24,1
2023-10-16T14:07:27.244278,24,0
2023-10-16T14:17:13.658547,24,0
2023-10-16T14:27:13.108637,24,1
2023-10-16T14:36:37.071740,24,0
2023-10-16T14:46:14.335459,24,1
2023-10-16T14:57:05.495121,24,0
2023-10-16T15:06:31.214223,24,0
2023-10-16T15:17:15.649111,24,1
2023-10-16T15:26:55.454472,24,0
2023-10-16T15:37:01.507339,24,0
2023-10-16T15:47:33.959330,24,0
2023-10-16T15:57:41.957782,24,0
2023-10-16T16:08:13.932505,24,0
2023-10-16T16:19:01.821415,24,0
2023-10-16T16:28:28.610334,24,0
2023-10-16T16:39:07.275263,24,2
2023-10-16T16:49:25.490433,24,1
2023-10-16T17:00:12.662411,24,1
2023-10-16T17:09:32.729095,24,1
2023-10-16T17:19:05.449544,24,0
2023-10-16T17:28:26.368240,24,3
2023-10-16T17:38:16.880817,24,0
2023-10-16T17:48:49.947913,24,1
2023-10-16T17:58:34.135228,24,0
2023-10-16T18:08:24.403022,24,1
2023-10-16T18:18:31.105354,24,1
2023-10-16T18:28:40.371855,24,0
2023-10-16T18:38:42.564854,24,0
2023-10-16T18:48:15.790122,24,0
2023-10-16T18:57:29.527782,24,1
2023-10-16T19:07:37.558098,24,3
2023-10-16T19:17:12.931096,24,1
2023-10-16T19:26:36.844202,24,2
2023-10-16T19:36:18.022264,24,1
2023-10-16T19:45:55.950547,24,1
2023-10-16T19:55:58.773761,24,1
2023-10-16T20:05:56.460619,24,3
2023-10-16T20:16:27.233716,24,0
2023-10-16T20:26:17.529942,24,1
2023-10-16T20:36:12.152102,24,3
2023-10-16T20:45:58.189333,24,3
2023-10-16T20:55:28.763849,24,1
2023-10-16T21:04:49.036626,24,1
2023-10-16T21:14:09.979416,24,2
2023-10-16T21:24:12.585095,24,1
2023-10-16T21:33:52.239777,24,2
2023-10-16T21:44:46.802800,24,0
2023-10-16T21:54:30.432900,24,2
2023-10-16T22:03:46.008582,24,3
2023-10-16T22:14:09.296638,24,0
2023-10-16T22:23:36.115270,24,2
2023-10-16T22:33:49.694038,24,1
2023-10-16T22:43:46.660930,24,0
2023-10-16T22:53:31.786000,24,1
2023-10-16T23:03:17.986809,24,1
2023-10-16T23:13:20.350807,24,0
2023-10-16T23:23:40.105177,24,1
2023-10-16T23:33:32.688955,24,0
2023-10-16T23:43:04.377076,24,0
2023-10-16T23:52:22.911361,24,0
2023-10-17T00:02:49.851799,24,1
2023-10-17T00:12:04.359678,24,0
2023-10-17T00:22:08.511299,24,0
2023-10-17T00:31:37.941316,24,0
2023-10-17T00:40:54.075667,24,2
2023-10-17T00:49:59.708423,24,1
2023-10-17T00:59:38.146038,24,2
2023-10-17T01:09:29.134301,24,2
2023-10-17T01:20:05.824638,24,1
2023-10-17T01:29:13.522758,24,0
2023-10-17T01:39:13.923608,24,0
2023-10-17T01:50:10.270296,24,2
2023-10-17T02:00:28.353771,24,0
2023-10-17T02:10:40.580813,24,0
2023-10-17T02:21:01.795128,24,1
2023-10-17T02:31:13.953102,24,0
2023-10-17T02:40:21.724740,24,2
2023-10-17T02:49:42.818815,24,1
2023-10-17T03:00:52.392972,24,2
2023-10-17T03:10:13.094771,24,1
2023-10-17T03:19:34.607910,24,0
2023-10-17T03:30:07.480351,24,0
2023-10-17T03:40:20.624332,24,2
2023-10-17T03:50:40.643161,24,2
2023-10-17T04:00:43.743380,24,0
2023-10-17T04:10:58.137985,24,1
2023-10-17T04:20:31.899245,24,1
2023-10-17T04:29:58.615605,24,1
2023-10-17T04:40:02.783568,24,2
2023-10-17T04:50:09.947551,24,0
2023-10-17T05:00:21.246916,24,3
2023-10-17T05:09:28.346154,24,2
2023-10-17T05:19:17.715307,24,1
2023-10-17T05:29:27.431067,24,1
2023-10-17T05:39:44.622052,24,0
2023-10-17T05:49:53.873032,24,1
2023-10-17T05:59:11.807353,24,0
2023-10-17T06:08:58.290849,24,0
2023-10-17T06:19:31.798545,24,1
2023-10-17T06:29:27.020500,24,2
2023-10-17T06:39:54.776827,24,0
2023-10-17T06:49:46.080534,24,1
2023-10-17T06:59:50.037361,24,0
2023-10-17T07:09:27.537588,24,1
2023-10-17T07:19:57.306630,24,0
2023-10-17T07:29:50.187567,24,1
2023-10-17T07:40:25.330280,24,0
2023-10-17T07:50:39.288116,24,0
2023-10-17T08:00:34.346179,24,0
2023-10-17T08:09:42.503683,24,0
2023-10-17T08:19:54.370489,24,1
2023-10-17T08:29:40.498410,24,1
2023-10-17T08:40:01.045976,24,2
2023-10-17T08:50:17.067407,24,0
2023-10-17T08:59:49.466670,24,0
2023-10-17T09:09:01.495662,24,1
2023-10-17T09:19:08.637661,24,1
2023-10-17T09:28:52.300373,24,0
2023-10-17T09:39:01.876047,24,0
2023-10-17T09:49:19.391498,24,0
2023-10-17T09:59:26.823102,24,1
2023-10-17T10:09:00.548356,24,1
2023-10-17T10:19:00.853840,24,0
2023-10-17T10:28:44.701708,24,2
2023-10-17T10:38:27.059504,24,1
2023-10-17T10:48:26.444591,24,0
2023-10-17T10:58:04.690877,24,2
2023-10-17T11:07:34.909935,24,1
2023-10-17T11:17:15.064902,24,0
2023-10-17T11:26:40.427760,24,2
2023-10-17T11:36:19.765909,24,0
2023-10-17T11:46:15.356193,24,0
2023-10-17T11:56:32.074339,24,0
2023-10-17T12:06:35.421312,24,0
2023-10-17T12:16:48.837159,24,0
2023-10-17T12:26:46.132069,24,0
2023-10-17T12:36:56.415361,24,0
2023-10-17T12:47:23.872366,24,2
2023-10-17T12:57:30.766747,24,2
2023-10-17T13:07:02.735683,24,0
2023-10-17T13:16:59.436099,24,1
2023-10-17T13:27:41.942364,24,0
2023-10-17T13:37:20.686424,24,0
2023-10-17T13:47:01.608944,24,1
2023-10-17T13:56:42.423112,24,1
2023-10-17T14:07:19.495577,24,0
2023-10-17T14:18:12.717664,24,1
2023-10-17T14:28:04.007293,24,0
2023-10-17T14:37:57.662738,24,1
2023-10-17T14:47:29.187103,24,0
2023-10-17T14:57:52.457482,24,0
2023-10-17T15:07:48.273645,24,0
2023-10-17T15:18:09.556373,24,0
2023-10-17T15:28:16.454825,24,0
2023-10-17T15:38:40.362748,24,0
2023-10-17T15:48:01.187746,24,1
2023-10-17T15:58:08.035307,24,0
2023-10-17T16:07:49.961092,24,1
2023-10-17T16:17:12.969358,24,0
2023-10-17T16:27:07.378123,24,1
2023-10-17T16:37:06.504867,24,2
2023-10-17T16:46:53.092929,24,0
2023-10-17T16:57:12.188734,24,0
2023-10-17T17:07:58.499935,24,0
2023-10-17T17:17:45.151459,24,0
2023-10-17T17:27:48.551460,24,0
2023-10-17T17:38:21.521704,24,0
2023-10-17T17:47:51.182115,24,0
2023-10-17T17:57:44.493121,24,1
2023-10-17T18:07:54.048521,24,0
2023-10-17T18:17:46.569626,24,0
2023-10-17T18:27:44.918685,24,0
2023-10-17T18:37:58.575557,24,0
2023-10-17T18:48:00.996354,24,0
2023-10-17T18:57:37.672425,24,0
2023-10-17T19:07:43.904903,24,1
2023-10-17T19:18:27.966852,24,0
2023-10-17T19:28:25.483185,24,0
2023-10-17T19:37:54.843530,24,2
2023-10-17T19:48:15.641462,24,1
2023-10-17T19:57:47.576948,24,0
2023-10-17T20:07:39.214606,24,0
2023-10-17T20:17:45.398494,24,1
2023-10-17T20:27:26.646253,24,1
2023-10-17T20:38:13.500813,24,1
2023-10-17T20:48:12.044774,24,4
2023-10-17T20:57:47.144749,24,1
2023-10-17T21:07:28.346849,24,2
2023-10-17T21:17:19.018357,24,0
2023-10-17T21:27:13.065140,24,0
2023-10-17T21:37:17.023378,24,0
2023-10-17T21:47:38.633759,24,0
2023-10-17T21:57:52.512444,24,0
2023-10-17T22:08:43.406692,24,0
2023-10-17T22:18:48.113269,24,1
2023-10-17T22:28:14.575724,24,0
2023-10-17T22:38:51.740581,24,0
2023-10-17T22:48:54.629210,24,1
2023-10-17T22:59:01.103892,24,1
2023-10-17T23:09:51.116169,24,1
2023-10-17T23:19:00.641386,24,2
2023-10-17T23:29:07.028710,24,0
2023-10-17T23:38:44.922369,24,1
2023-10-17T23:48:23.411558,24,0
2023-10-17T23:58:21.581180,24,0
2023-10-18T00:08:34.997104,24,1
2023-10-18T00:18:38.466941,24,0
2023-10-18T00:28:36.382809,24,1
2023-10-18T00:38:21.114345,24,0
2023-10-18T00:48:34.625335,24,0
2023-10-18T00:58:25.567671,24,0
2023-10-18T01:08:27.617485,24,0
2023-10-18T01:19:07.925777,24,0
2023-10-18T01:28:26.705642,24,0
2023-10-18T01:39:04.596477,24,1
2023-10-18T01:48:34.553786,24,0
2023-10-18T01:59:06.438672,24,0
2023-10-18T02:09:52.123292,24,2
2023-10-18T02:19:47.996749,24,0
2023-10-18T02:29:22.777431,24,2
2023-10-18T02:39:55.294261,24,0
2023-10-18T02:49:57.882947,24,0
2023-10-18T03:00:00.685244,24,0
2023-10-18T03:09:56.968298,24,0
2023-10-18T03:20:05.514815,24,0
2023-10-18T03:29:58.024358,24,0
2023-10-18T03:39:36.487670,24,1
2023-10-18T03:49:43.230956,24,1
2023-10-18T03:59:52.822453,24,0
2023-10-18T04:10:08.020480,24,1
2023-10-18T04:20:41.590680,24,1
2023-10-18T04:31:02.372643,24,0
2023-10-18T04:41:04.478597,24,2
2023-10-18T04:51:06.191093,24,0
2023-10-18T05:01:26.329241,24,7
2023-10-18T05:11:17.512518,24,6
2023-10-18T05:21:37.635185,24,7
2023-10-18T05:31:31.159223,24,5
2023-10-18T05:41:02.061984,24,5
2023-10-18T05:50:52.110235,24,2
2023-10-18T06:01:05.697998,24,0
2023-10-18T06:11:57.354923,24,0
2023-10-18T06:21:55.269302,24,0
2023-10-18T06:32:16.467021,24,0
2023-10-18T06:42:10.678583,24,0
2023-10-18T06:52:04.363437,24,2
2023-10-18T07:01:46.595593,24,0
2023-10-18T07:12:03.448617,24,0
2023-10-18T07:21:35.796091,24,0
2023-10-18T07:32:14.813338,24,0
2023-10-18T07:41:48.438373,24,1
2023-10-18T07:52:36.620029,24,0
2023-10-18T08:02:15.969434,24,1
2023-10-18T08:12:07.009340,24,0
2023-10-18T08:22:51.021293,24,0
2023-10-18T08:32:54.990222,24,0
2023-10-18T08:43:33.531962,24,0
2023-10-18T08:53:08.285429,24,0
2023-10-18T09:03:55.377236,24,0
2023-10-18T09:14:07.570048,24,2
2023-10-18T09:23:58.691663,24,2
2023-10-18T09:34:05.651355,24,0
2023-10-18T09:44:34.717149,24,1
2023-10-18T09:54:09.305662,24,0
2023-10-18T10:03:39.649957,24,2
2023-10-18T10:13:44.712597,24,2
2023-10-18T10:24:40.793621,24,0
2023-10-18T10:35:20.051885,24,1
2023-10-18T10:44:39.666048,24,6
2023-10-18T10:54:39.439136,24,3
2023-10-18T11:04:40.853641,24,0
2023-10-18T11:14:39.136488,24,0
2023-10-18T11:24:28.569794,24,2
2023-10-18T11:35:04.940950,24,5
2023-10-18T11:44:26.245387,24,6
2023-10-18T11:55:31.708326,24,2
2023-10-18T12:05:23.038605,24,7
2023-10-18T12:14:07.422637,24,7
2023-10-18T12:24:09.533294,24,7
2023-10-18T12:33:35.623779,24,5
2023-10-18T12:43:45.546850,24,1
2023-10-18T12:53:21.910083,24,0
2023-10-18T13:03:18.945129,24,0
2023-10-18T13:14:00.588487,24,0
2023-10-18T13:23:41.948549,24,0
2023-10-18T13:34:02.133709,24,0
2023-10-18T13:43:53.051056,24,1
2023-10-18T13:54:09.785903,24,1
2023-10-18T14:04:50.751789,24,1
2023-10-18T14:15:43.303932,24,0
2023-10-18T14:25:33.398955,24,1
2023-10-18T14:35:20.079685,24,2
2023-10-18T14:45:38.661882,24,1
2023-10-18T14:55:09.249554,24,2
2023-10-18T15:05:47.209754,24,1
2023-10-18T15:15:36.441556,24,0
2023-10-18T15:25:23.529691,24,1
2023-10-18T15:35:41.589020,24,0
2023-10-18T15:45:14.457699,24,0
2023-10-18T15:55:33.732978,24,1
2023-10-18T16:05:20.763493,24,0
2023-10-18T16:14:42.686662,24,1
2023-10-18T16:24:51.517223,24,2
2023-10-18T16:35:14.581117,24,0
2023-10-18T16:44:33.087442,24,1
2023-10-18T16:54:56.260477,24,0
2023-10-18T17:04:53.692222,24,0
2023-10-18T17:14:34.092648,24,2
2023-10-18T17:24:37.472372,24,0
2023-10-18T17:34:44.682816,24,0
2023-10-18T17:44:15.352388,24,0
2023-10-18T17:54:47.586931,24,0
2023-10-18T18:04:50.421785,24,0
2023-10-18T18:15:04.114636,24,1
2023-10-18T18:25:10.240382,24,0
2023-10-18T18:35:02.720594,24,3
2023-10-18T18:44:59.506985,24,0
2023-10-18T18:55:36.802824,24,0
2023-10-18T19:05:21.884735,24,0
2023-10-18T19:15:16.142861,24,1
2023-10-18T19:25:00.131303,24,0
2023-10-18T19:34:38.686402,24,2
2023-10-18T19:44:44.143080,24,1
2023-10-18T19:54:49.482047,24,1
2023-10-18T20:04:23.440901,24,1
2023-10-18T20:14:54.864973,24,1
2023-10-18T20:24:49.167305,24,1
2023-10-18T20:34:27.806985,24,1
2023-10-18T20:44:11.065005,24,2
2023-10-18T20:54:14.209016,24,0
2023-10-18T21:05:00.328621,24,5
2023-10-18T21:14:28.227039,24,2
2023-10-18T21:24:27.760314,24,2
2023-10-18T21:34:31.058972,24,0
2023-10-18T21:44:52.196272,24,1
2023-10-18T21:54:44.585283,24,3
2023-10-18T22:04:29.919410,24,3
2023-10-18T22:14:54.560909,24,1
2023-10-18T22:25:22.084523,24,0
2023-10-18T22:36:21.625398,24,0
2023-10-18T22:45:49.011628,24,2
2023-10-18T22:56:32.117088,24,0
2023-10-18T23:06:41.710757,24,0
2023-10-18T23:16:33.063926,24,0
2023-10-18T23:26:42.586245,24,2
2023-10-18T23:36:19.884093,24,0
2023-10-18T23:47:07.751339,24,0
2023-10-18T23:56:42.874952,24,1
2023-10-19T00:06:25.249587,24,0
2023-10-19T00:16:25.309781,24,2
2023-10-19T00:26:29.813174,24,2
2023-10-19T00:35:58.055981,24,0
2023-10-19T00:45:44.863015,24,2
2023-10-19T00:55:58.766053,24,2
2023-10-19T01:07:23.000371,24,1
2023-10-19T01:17:22.106295,24,0
2023-10-19T01:27:20.209804,24,0
2023-10-19T01:37:01.060331,24,0
2023-10-19T01:46:10.819188,24,0
2023-10-19T01:55:28.014072,24,0
2023-10-19T02:06:13.059003,24,3
2023-10-19T02:16:00.401135,24,1
2023-10-19T02:26:33.288101,24,0
2023-10-19T02:36:28.819552,24,2
2023-10-19T02:47:02.135398,24,2
2023-10-19T02:57:28.733619,24,1
2023-10-19T03:07:21.896717,24,1
2023-10-19T03:17:12.100324,24,2
2023-10-19T03:28:11.896788,24,0
2023-10-19T03:38:21.429515,24,1
2023-10-19T03:47:58.841332,24,2
2023-10-19T03:57:42.906749,24,2
2023-10-19T04:06:50.689419,24,0
2023-10-19T04:16:33.766321,24,0
2023-10-19T04:26:31.609243,24,0
2023-10-19T04:36:41.515406,24,0
2023-10-19T04:46:43.057673,24,0
2023-10-19T04:56:59.205140,24,0
2023-10-19T05:06:40.346626,24,3
2023-10-19T05:16:44.033362,24,1
2023-10-19T05:26:58.801925,24,0
2023-10-19T05:36:39.765749,24,0
2023-10-19T05:46:35.017291,24,1
2023-10-19T05:56:32.655487,24,0
2023-10-19T06:06:25.502931,24,0
2023-10-19T06:16:16.885900,24,0
2023-10-19T06:26:20.502241,24,0
2023-10-19T06:36:01.324217,24,0
2023-10-19T06:46:08.979306,24,0
2023-10-19T06:56:09.602390,24,1
2023-10-19T07:06:17.573694,24,3
2023-10-19T07:15:40.219841,24,1
2023-10-19T07:26:58.171126,24,0
2023-10-19T07:36:50.502426,24,3
2023-10-19T07:46:56.670986,24,1
2023-10-19T07:57:16.237427,24,4
2023-10-19T08:07:25.218564,24,4
2023-10-19T08:17:15.928525,24,1
2023-10-19T08:27:03.415982,24,4
2023-10-19T08:37:01.544643,24,6
2023-10-19T08:47:01.300405,24,1
2023-10-19T08:56:38.238263,24,0
2023-10-19T09:06:25.847809,24,3
2023-10-19T09:16:09.332549,24,2
2023-10-19T09:25:14.183135,24,10
2023-10-19T09:35:43.049329,24,5
2023-10-19T09:46:51.960491,24,2
2023-10-19T09:57:24.926250,24,2
2023-10-19T10:08:10.781213,24,1
2023-10-19T10:19:23.631588,24,1
2023-10-19T10:30:30.308220,24,0
2023-10-19T10:41:05.765203,24,0
2023-10-19T10:51:24.403961,24,1
2023-10-19T11:02:31.949342,24,0
2023-10-19T11:13:50.436221,24,1
2023-10-19T11:23:41.133103,24,2
2023-10-19T11:34:04.602533,24,5
2023-10-19T11:43:22.603974,24,10
2023-10-19T11:52:25.260431,24,5
2023-10-19T12:01:51.289187,24,4
2023-10-19T12:11:24.872867,24,5
2023-10-19T12:20:43.106636,24,4
2023-10-19T12:30:23.875295,24,0
2023-10-19T12:40:48.550026,24,1
2023-10-19T12:50:31.372076,24,0
2023-10-19T13:01:17.229290,24,1
2023-10-19T13:10:31.463987,24,1
2023-10-19T13:20:26.472114,24,1
2023-10-19T13:30:35.141267,24,2
2023-10-19T13:40:32.009072,24,1
2023-10-19T13:50:10.399775,24,1
2023-10-19T14:00:30.377468,24,0
2023-10-19T14:10:42.463602,24,0
2023-10-19T14:21:09.283259,24,0
2023-10-19T14:31:41.178972,24,0
2023-10-19T14:41:19.564083,24,0
2023-10-19T14:52:23.711269,24,0
2023-10-19T15:01:51.038244,24,0
2023-10-19T15:11:39.820866,24,0
2023-10-19T15:21:15.138680,24,0
2023-10-19T15:32:16.778373,24,1
2023-10-19T15:42:09.035144,24,0
2023-10-19T15:52:28.668786,24,1
2023-10-19T16:02:24.938622,24,1
2023-10-19T16:12:54.891627,24,0
2023-10-19T16:22:50.502546,24,1
2023-10-19T16:33:20.401669,24,1
2023-10-19T16:42:40.273402,24,2
2023-10-19T16:53:13.611702,24,0
2023-10-19T17:03:30.892282,24,0
2023-10-19T17:13:53.210339,24,0
2023-10-19T17:25:06.400726,24,0
2023-10-19T17:34:10.092960,24,2
2023-10-19T17:45:03.176276,24,1
2023-10-19T17:54:21.872393,24,0
2023-10-19T18:04:07.312637,24,1
2023-10-19T18:13:59.426336,24,0
2023-10-19T18:24:00.545657,24,0
2023-10-19T18:34:33.661315,24,1
2023-10-19T18:44:26.033947,24,2
2023-10-19T18:54:35.656385,24,1
2023-10-19T19:04:11.143358,24,1
2023-10-19T19:14:25.881021,24,1
2023-10-19T19:24:50.834405,24,2
2023-10-19T19:34:32.484108,24,3
2023-10-19T19:43:55.834554,24,0
2023-10-19T19:54:00.348017,24,0
2023-10-19T20:04:26.635876,24,1
2023-10-19T20:14:19.282908,24,0
2023-10-19T20:24:02.078780,24,3
2023-10-19T20:34:13.805643,24,1
2023-10-19T20:44:59.342507,24,0
2023-10-19T20:54:33.909283,24,6
2023-10-19T21:04:32.310156,24,2
2023-10-19T21:14:16.447397,24,0
2023-10-19T21:24:12.543575,24,2
2023-10-19T21:34:11.092584,24,1
2023-10-19T21:44:14.095196,24,2
2023-10-19T21:53:42.274525,24,8
2023-10-19T22:03:37.046681,24,2
2023-10-19T22:13:30.765102,24,3
2023-10-19T22:23:29.538128,24,2
2023-10-19T22:33:03.145894,24,1
2023-10-19T22:43:10.530659,24,2
2023-10-19T22:52:43.251539,24,0
2023-10-19T23:02:47.554998,24,4
2023-10-19T23:12:13.910736,24,3
2023-10-19T23:21:35.027249,24,4
2023-10-19T23:31:36.856391,24,0
2023-10-19T23:41:23.410515,24,2
2023-10-19T23:51:00.123169,24,1
2023-10-20T00:00:09.283439,24,5
2023-10-20T00:09:35.483995,24,5
2023-10-20T00:19:52.030074,24,1
2023-10-20T00:30:25.605422,24,2
2023-10-20T00:41:04.438851,24,0
2023-10-20T00:51:02.800768,24,5
2023-10-20T01:00:55.064228,24,4
2023-10-20T01:11:28.455672,24,5
2023-10-20T01:20:37.354406,24,3
2023-10-20T01:30:42.747504,24,3
2023-10-20T01:40:03.996908,24,3
2023-10-20T01:50:25.372014,24,4
2023-10-20T02:00:16.360217,24,2
2023-10-20T02:09:56.368532,24,0
2023-10-20T02:19:56.457218,24,3
2023-10-20T02:29:24.516475,24,3
2023-10-20T02:39:34.863756,24,3
2023-10-20T02:50:07.564451,24,0
2023-10-20T03:00:27.639852,24,0
2023-10-20T03:10:45.201114,24,1
2023-10-20T03:20:09.983917,24,1
2023-10-20T03:30:55.913440,24,3
2023-10-20T03:40:58.225273,24,3
2023-10-20T03:50:37.230680,24,2
2023-10-20T04:00:18.623231,24,2
2023-10-20T04:10:16.785682,24,2
2023-10-20T04:19:57.824107,24,5
2023-10-20T04:29:21.120970,24,4
2023-10-20T04:39:26.900526,24,5
2023-10-20T04:49:30.136854,24,0
2023-10-20T04:59:25.134361,24,3
2023-10-20T05:09:15.222468,24,1
2023-10-20T05:19:21.801002,24,1
2023-10-20T05:29:19.559834,24,4
2023-10-20T05:39:23.095207,24,0
2023-10-20T05:49:08.160866,24,4
2023-10-20T05:59:55.798622,24,3
2023-10-20T06:10:02.113347,24,3
2023-10-20T06:19:52.594196,24,1
2023-10-20T06:29:26.096045,24,3
2023-10-20T06:38:53.398555,24,3
2023-10-20T06:49:17.794459,24,2
2023-10-20T06:59:32.125201,24,0
2023-10-20T07:09:18.723220,24,1
2023-10-20T07:20:07.278866,24,2
2023-10-20T07:30:40.469510,24,1
2023-10-20T07:40:21.952876,24,1
2023-10-20T07:50:50.167231,24,0
2023-10-20T08:00:46.649142,24,1
2023-10-20T08:11:21.159323,24,0
2023-10-20T08:21:54.392735,24,0
2023-10-20T08:32:11.302714,24,1
2023-10-20T08:42:35.101368,24,2
2023-10-20T08:52:44.785032,24,1
2023-10-20T09:02:19.432411,24,2
2023-10-20T09:12:13.745152,24,1
2023-10-20T09:22:34.574182,24,1
2023-10-20T09:32:54.085512,24,0
2023-10-20T09:42:30.791410,24,2
2023-10-20T09:52:27.280513,24,4
2023-10-20T10:02:42.161989,24,1
2023-10-20T10:12:08.407898,24,1
2023-10-20T10:23:09.864134,24,1
2023-10-20T10:32:52.652298,24,1
2023-10-20T10:42:38.293041,24,1
2023-10-20T10:52:46.971957,24,0
2023-10-20T11:02:37.494207,24,3
2023-10-20T11:12:53.424624,24,1
2023-10-20T11:22:51.404093,24,1
2023-10-20T12:31:20.503536,24,1
2023-10-20T12:41:37.513819,24,1
2023-10-20T12:51:57.624156,24,0
2023-10-20T13:01:58.475220,24,1
2023-10-20T13:12:41.925877,24,0
2023-10-20T13:23:02.262575,24,0
2023-10-20T13:32:24.865016,24,0
2023-10-20T13:42:45.316274,24,1
2023-10-20T13:52:40.149992,24,1
2023-10-20T14:02:40.788340,24,0
2023-10-20T14:13:45.968200,24,1
2023-10-20T14:23:48.537318,24,1
2023-10-20T14:34:40.662132,24,0
2023-10-20T14:44:21.227296,24,1
2023-10-20T14:54:54.356043,24,1
2023-10-20T15:04:49.708482,24,0
2023-10-20T15:13:57.156667,24,1
2023-10-20T15:23:27.793887,24,0
2023-10-20T15:33:07.444055,24,0
2023-10-20T15:43:05.762378,24,0
2023-10-20T15:53:15.461805,24,1
2023-10-20T16:02:38.256420,24,0
2023-10-20T16:12:30.669790,24,0
2023-10-20T16:22:19.893622,24,0
2023-10-20T16:32:19.484620,24,0
2023-10-20T16:42:53.664868,24,0
2023-10-20T16:53:59.829326,24,0
2023-10-20T17:04:12.236301,24,0
2023-10-20T17:14:18.906051,24,0
2023-10-20T17:24:25.376095,24,1
2023-10-20T17:34:31.172161,24,0
2023-10-20T17:44:57.172155,24,1
2023-10-20T17:54:40.047642,24,0
2023-10-20T18:05:24.605823,24,0
2023-10-20T18:16:07.497231,24,2
2023-10-20T18:26:33.136217,24,0
2023-10-20T18:36:49.005187,24,0
2023-10-20T18:46:00.403151,24,1
2023-10-20T18:56:01.777212,24,1
2023-10-20T19:06:05.100721,24,1
2023-10-20T19:16:03.083810,24,1
2023-10-20T19:26:02.694703,24,1
2023-10-20T19:36:54.599950,24,1
2023-10-20T19:47:19.179249,24,2
2023-10-20T19:57:25.689696,24,1
2023-10-20T20:07:19.458280,24,1
2023-10-20T20:17:23.336540,24,1
2023-10-20T20:27:02.886344,24,2
2023-10-20T20:36:40.138553,24,1
2023-10-20T20:46:18.106924,24,3
2023-10-20T20:55:23.013962,24,2
2023-10-20T21:04:41.572965,24,1
2023-10-20T21:14:56.324962,24,2
2023-10-20T21:25:17.938930,24,1
2023-10-20T21:35:07.567842,24,3
2023-10-20T21:44:58.156130,24,2
2023-10-20T21:55:13.258402,24,3
2023-10-20T22:05:27.018622,24,2
2023-10-20T22:15:57.749559,24,2
2023-10-20T22:25:40.463793,24,2
2023-10-20T22:36:06.466311,24,1
2023-10-20T22:46:16.987620,24,1
2023-10-20T22:55:35.717379,24,4
2023-10-20T23:05:37.628685,24,1
2023-10-20T23:15:23.265288,24,1
2023-10-20T23:25:41.163443,24,2
2023-10-20T23:35:43.507070,24,1
2023-10-20T23:45:25.816952,24,2
2023-10-20T23:55:26.494762,24,0
2023-10-21T00:06:26.429534,24,4
2023-10-21T00:16:34.781157,24,0
2023-10-21T00:26:15.162569,24,2
2023-10-21T00:35:52.951221,24,0
2023-10-21T00:45:56.885530,24,1
2023-10-21T00:55:36.140637,24,5
2023-10-21T01:05:28.276566,24,1
2023-10-21T01:15:20.794865,24,1
2023-10-21T01:25:45.941291,24,5
2023-10-21T01:35:44.305122,24,5
2023-10-21T01:45:38.712524,24,4
2023-10-21T01:55:07.318790,24,3
2023-10-21T02:05:28.257080,24,4
2023-10-21T02:15:29.321714,24,0
2023-10-21T02:25:26.379045,24,3
2023-10-21T02:34:53.169826,24,1
2023-10-21T02:44:18.887895,24,3
2023-10-21T02:54:22.439320,24,2
2023-10-21T03:04:06.864395,24,2
2023-10-21T03:14:43.610594,24,0
2023-10-21T03:24:16.683221,24,1
2023-10-21T03:35:00.718846,24,1
2023-10-21T03:45:08.827011,24,2
2023-10-21T03:54:51.983118,24,0
2023-10-21T04:04:59.901263,24,3
2023-10-21T04:15:23.247085,24,1
2023-10-21T04:25:08.578119,24,3
2023-10-21T04:35:18.637123,24,0
2023-10-21T04:45:21.701026,24,0
2023-10-21T04:54:40.544666,24,3
2023-10-21T05:04:45.678941,24,1
2023-10-21T05:14:35.088138,24,5
2023-10-21T05:24:17.669570,24,3
2023-10-21T05:34:05.812201,24,2
2023-10-21T05:44:57.028386,24,2
2023-10-21T05:54:56.975173,24,4
2023-10-21T06:04:45.236502,24,2
2023-10-21T06:14:32.174713,24,2
2023-10-21T06:24:27.916341,24,2
2023-10-21T06:34:26.640315,24,3
2023-10-21T06:44:53.054787,24,1
2023-10-21T06:55:18.701011,24,0
2023-10-21T07:06:06.473077,24,1
2023-10-21T07:16:05.163662,24,2
2023-10-21T07:26:35.404076,24,1
2023-10-21T07:36:22.597141,24,2
2023-10-21T07:46:00.960439,24,5
2023-10-21T07:55:28.039702,24,3
2023-10-21T08:05:23.811765,24,6
2023-10-21T08:15:28.083984,24,3
2023-10-21T08:25:27.114135,24,4
2023-10-21T08:35:48.072983,24,1
2023-10-21T08:46:01.906842,24,0
2023-10-21T08:55:14.939108,24,4
2023-10-21T09:05:41.433873,24,1
2023-10-21T09:16:04.044479,24,1
2023-10-21T09:26:22.254107,24,0
2023-10-21T09:35:48.453816,24,2
2023-10-21T09:46:15.429373,24,0
2023-10-21T09:56:00.517066,24,4
2023-10-21T10:06:15.405491,24,3
2023-10-21T10:15:56.550468,24,1
2023-10-21T10:25:54.744597,24,3
2023-10-21T10:36:15.286999,24,0
2023-10-21T10:45:52.547557,24,1
2023-10-21T10:55:47.851090,24,0
2023-10-21T11:05:54.971200,24,2
2023-10-21T11:16:26.471714,24,1
2023-10-21T11:27:03.700553,24,0
2023-10-21T11:36:50.808320,24,0
2023-10-21T11:46:48.822413,24,0
2023-10-21T11:56:52.862046,24,1
2023-10-21T12:07:32.649144,24,0
2023-10-21T12:16:57.061367,24,1
2023-10-21T12:27:09.477390,24,0
2023-10-21T12:38:12.374195,24,2
2023-10-21T12:48:07.703862,24,1
2023-10-21T12:58:37.264409,24,2
2023-10-21T13:08:37.555209,24,3
2023-10-21T13:18:46.426531,24,1
2023-10-21T13:29:33.665705,24,1
2023-10-21T13:39:42.201211,24,0
2023-10-21T13:50:17.757716,24,2
2023-10-21T14:00:01.987341,24,0
2023-10-21T14:09:41.918786,24,1
2023-10-21T14:20:27.366682,24,0
2023-10-21T14:29:50.209442,24,1
2023-10-21T14:39:56.903273,24,0
2023-10-21T14:50:45.069381,24,0
2023-10-21T15:00:42.761689,24,0
2023-10-21T15:11:12.272546,24,0
2023-10-21T15:21:32.095442,24,3
2023-10-21T15:31:26.885040,24,0
2023-10-21T15:42:22.264351,24,0
2023-10-21T15:52:17.935948,24,1
2023-10-21T16:03:32.060047,24,1
2023-10-21T16:13:06.024767,24,2
2023-10-21T16:23:03.018378,24,2
2023-10-21T16:32:45.251194,24,0
2023-10-21T16:42:19.053306,24,0
2023-10-21T16:52:27.795839,24,1
2023-10-21T17:01:47.070299,24,4
2023-10-21T17:11:46.387593,24,0
2023-10-21T17:21:27.794719,24,2
2023-10-21T17:30:55.249137,24,1
2023-10-21T17:41:09.215928,24,2
2023-10-21T17:51:58.142798,24,2
2023-10-21T18:01:48.156659,24,1
2023-10-21T18:12:02.889874,24,1
2023-10-21T18:22:22.949164,24,3
2023-10-21T18:32:03.225227,24,1
2023-10-21T18:42:17.774733,24,0
2023-10-21T18:52:03.672544,24,1
2023-10-21T19:02:56.087918,24,0
2023-10-21T19:12:33.794453,24,1
2023-10-21T19:22:12.434079,24,0
2023-10-21T19:32:21.959602,24,1
2023-10-21T19:42:38.900698,24,3
2023-10-21T19:53:03.090912,24,1
2023-10-21T20:03:00.406647,24,0
2023-10-21T20:12:53.967784,24,1
2023-10-21T20:22:28.872977,24,5
2023-10-21T20:32:58.322332,24,2
2023-10-21T20:42:58.279700,24,2
2023-10-21T20:53:10.537539,24,2
2023-10-21T21:03:08.491323,24,3
2023-10-21T21:12:19.021135,24,3
2023-10-21T21:22:25.693493,24,2
2023-10-21T21:32:58.570157,24,0
2023-10-21T21:42:41.154967,24,4
2023-10-21T21:52:50.422503,24,6
2023-10-21T22:02:58.923535,24,4
2023-10-21T22:13:20.373798,24,2
2023-10-21T22:22:54.811929,24,2
2023-10-21T22:33:37.075888,24,2
2023-10-21T22:43:23.036446,24,2
2023-10-21T22:53:16.330496,24,2
2023-10-21T23:03:30.772512,24,3
2023-10-21T23:14:06.043312,24,1
2023-10-21T23:23:38.711175,24,1
2023-10-21T23:33:10.022328,24,5
2023-10-21T23:44:21.008203,24,1
2023-10-21T23:54:28.073629,24,1
2023-10-22T00:04:51.137050,24,2
2023-10-22T00:15:10.296808,24,2
2023-10-22T00:25:11.729475,24,5
2023-10-22T00:35:07.644748,24,3
2023-10-22T00:44:59.290793,24,3
2023-10-22T00:55:02.518216,24,4
2023-10-22T01:05:04.904811,24,2
2023-10-22T01:15:09.429082,24,1
2023-10-22T01:25:18.123127,24,1
2023-10-22T01:34:52.782712,24,2
2023-10-22T01:45:04.697177,24,1
2023-10-22T01:55:08.305176,24,3
2023-10-22T02:04:22.218631,24,3
2023-10-22T02:13:51.021637,24,5
2023-10-22T02:24:10.878206,24,1
2023-10-22T02:33:37.116410,24,4
2023-10-22T02:43:40.632379,24,3
2023-10-22T02:53:53.336112,24,2
2023-10-22T03:03:51.287385,24,2
2023-10-22T03:13:24.259153,24,2
2023-10-22T03:23:34.701007,24,4
2023-10-22T03:32:58.923140,24,3
2023-10-22T03:43:32.655466,24,3
2023-10-22T03:54:08.632590,24,1
2023-10-22T04:04:22.218604,24,2
2023-10-22T04:14:16.776103,24,4
2023-10-22T04:23:57.688068,24,6
2023-10-22T04:33:53.701501,24,2
2023-10-22T04:43:45.012024,24,6
2023-10-22T04:53:31.698594,24,2
2023-10-22T05:03:30.451884,24,2
2023-10-22T05:13:31.687676,24,4
2023-10-22T05:23:53.501857,24,2
2023-10-22T05:33:36.761159,24,2
2023-10-22T05:43:23.560493,24,6
2023-10-22T05:52:49.583194,24,2
2023-10-22T06:02:58.214194,24,2
2023-10-22T06:13:01.590625,24,1
2023-10-22T06:23:06.469644,24,2
2023-10-22T06:32:19.545637,24,4
2023-10-22T06:42:06.782357,24,1
2023-10-22T06:52:28.510902,24,1
2023-10-22T07:02:41.381233,24,0
2023-10-22T07:12:23.375854,24,2
2023-10-22T07:22:11.601249,24,6
2023-10-22T07:32:31.296146,24,1
2023-10-22T07:42:39.331889,24,1
2023-10-22T07:52:31.419987,24,1
2023-10-22T08:02:28.661172,24,2
2023-10-22T08:13:01.308596,24,2
2023-10-22T08:23:20.400206,24,1
2023-10-22T08:33:23.558857,24,2
2023-10-22T08:43:41.979954,24,0
2023-10-22T08:53:39.262107,24,1
2023-10-22T09:04:15.408525,24,2
2023-10-22T09:15:01.882606,24,2
2023-10-22T09:24:43.154376,24,1
2023-10-22T09:34:58.357311,24,0
2023-10-22T09:45:27.094661,24,2
2023-10-22T09:55:51.475264,24,0
2023-10-22T10:06:01.690280,24,1
2023-10-22T10:16:05.395619,24,1
2023-10-22T10:26:40.375153,24,0
2023-10-22T10:36:49.455593,24,1
2023-10-22T10:47:15.665122,24,2
2023-10-22T10:57:22.419581,24,2
2023-10-22T11:07:09.702762,24,1
2023-10-22T11:17:08.454553,24,1
2023-10-22T11:27:11.019227,24,3
2023-10-22T11:37:16.947099,24,2
2023-10-22T11:47:05.619181,24,1
2023-10-22T11:56:59.693757,24,1
2023-10-22T12:06:27.631551,24,1
2023-10-22T12:16:13.261364,24,1
2023-10-22T12:25:53.291872,24,0
2023-10-22T12:35:43.854436,24,4
2023-10-22T12:45:44.064777,24,4
2023-10-22T12:56:28.175194,24,1
2023-10-22T13:07:13.038354,24,1
2023-10-22T13:17:23.218068,24,2
2023-10-22T13:27:07.372591,24,1
2023-10-22T13:37:33.098960,24,0
2023-10-22T13:47:28.433559,24,4
2023-10-22T13:57:31.060890,24,1
2023-10-22T14:07:28.555924,24,1
2023-10-22T14:17:17.687643,24,1
2023-10-22T14:27:21.415915,24,1
2023-10-22T14:37:12.181537,24,0
2023-10-22T14:47:09.463276,24,1
2023-10-22T14:57:06.180791,24,2
2023-10-22T15:06:38.886333,24,0
2023-10-22T15:16:41.193597,24,2
2023-10-22T15:26:54.802833,24,0
2023-10-22T15:36:58.774807,24,3
2023-10-22T15:47:25.792404,24,3
2023-10-22T15:57:11.577650,24,2
2023-10-22T16:07:42.669024,24,0
2023-10-22T16:17:27.018236,24,2
2023-10-22T16:27:37.994690,24,2
2023-10-22T16:36:52.321119,24,2
2023-10-22T16:46:54.380166,24,0
2023-10-22T16:57:21.641841,24,1
2023-10-22T17:08:00.206298,24,0
2023-10-22T17:18:12.797515,24,2
2023-10-22T17:28:18.146545,24,0
2023-10-22T17:38:07.596906,24,2
2023-10-22T17:47:29.272236,24,3
2023-10-22T17:57:27.527670,24,1
2023-10-22T18:08:02.818470,24,1
2023-10-22T18:18:06.148853,24,3
2023-10-22T18:27:43.395847,24,1
2023-10-22T18:38:00.362697,24,4
2023-10-22T18:47:29.785771,24,5
2023-10-22T18:57:13.663495,24,3
2023-10-22T19:07:43.208125,24,2
2023-10-22T19:17:43.592777,24,1
2023-10-22T19:27:59.272085,24,2
2023-10-22T19:38:00.944415,24,5
2023-10-22T19:48:23.351803,24,1
2023-10-22T19:58:35.558867,24,2
2023-10-22T20:07:53.371387,24,9
2023-10-22T20:16:52.959408,24,6
2023-10-22T20:27:00.445456,24,4
2023-10-22T20:37:07.699454,24,5
2023-10-22T20:46:17.495075,24,9
2023-10-22T20:54:59.933370,24,10
2023-10-22T21:04:07.682743,24,7
2023-10-22T21:14:44.012580,24,2
2023-10-22T21:24:34.754606,24,9
2023-10-22T21:34:01.235560,24,4
2023-10-22T21:42:55.150017,24,7
2023-10-22T21:52:17.812764,24,7
2023-10-22T22:02:04.340740,24,7
2023-10-22T22:11:46.494728,24,9
2023-10-22T22:21:33.431226,24,5
2023-10-22T22:31:27.239486,24,7
2023-10-22T22:40:41.915073,24,8
2023-10-22T22:50:35.018711,24,5
2023-10-22T23:00:17.754698,24,8
2023-10-22T23:08:40.084310,24,8
2023-10-22T23:18:23.194640,24,9
2023-10-22T23:27:58.482382,24,7
2023-10-22T23:37:58.220138,24,8
2023-10-22T23:48:01.583868,24,3
2023-10-22T23:57:13.097711,24,7
2023-10-23T00:06:56.723976,24,7
2023-10-23T00:16:28.346688,24,10
2023-10-23T00:26:23.875747,24,8
2023-10-23T00:35:48.309058,24,10
2023-10-23T00:44:56.541607,24,12
2023-10-23T00:54:19.502024,24,9
2023-10-23T01:03:34.653511,24,7
2023-10-23T01:12:30.868454,24,7
2023-10-23T01:22:41.675949,24,2
2023-10-23T01:31:50.013791,24,11
2023-10-23T01:40:46.885038,24,8
2023-10-23T01:50:25.572340,24,6
2023-10-23T02:00:04.323641,24,8
2023-10-23T02:09:37.602257,24,5
2023-10-23T02:18:37.623955,24,13
2023-10-23T02:28:04.117827,24,6
2023-10-23T02:38:07.928111,24,4
2023-10-23T02:47:51.708534,24,8
2023-10-23T02:57:11.092126,24,8
2023-10-23T03:06:39.332656,24,6
2023-10-23T03:16:44.828127,24,7
2023-10-23T03:26:45.881399,24,3
2023-10-23T03:35:37.006480,24,7
2023-10-23T03:45:52.129968,24,9
2023-10-23T03:55:07.686537,24,11
2023-10-23T04:04:08.861147,24,10
2023-10-23T04:13:38.473144,24,13
2023-10-23T04:22:38.671914,24,12
2023-10-23T04:32:11.496987,24,9
2023-10-23T04:42:10.476678,24,8
2023-10-23T04:52:26.777495,24,6
2023-10-23T05:02:13.068641,24,4
2023-10-23T05:11:56.722234,24,7
2023-10-23T05:21:31.134437,24,9
2023-10-23T05:30:23.820112,24,13
2023-10-23T05:39:47.505802,24,9
2023-10-23T05:49:12.376690,24,13
2023-10-23T05:59:16.580130,24,3
2023-10-23T06:08:54.215144,24,10
2023-10-23T06:18:52.008844,24,5
2023-10-23T06:28:08.271829,24,7
2023-10-23T06:37:28.366807,24,9
2023-10-23T06:47:41.860687,24,3
2023-10-23T06:56:50.313479,24,6
2023-10-23T07:06:30.562133,24,9
2023-10-23T07:16:09.845926,24,6
2023-10-23T07:25:03.204431,24,6
2023-10-23T07:34:22.460113,24,7
2023-10-23T07:44:24.196549,24,5
2023-10-23T07:54:17.879443,24,6
2023-10-23T08:03:49.300796,24,5
2023-10-23T08:13:46.027951,24,9
2023-10-23T08:23:47.698145,24,10
2023-10-23T08:33:29.844304,24,8
2023-10-23T08:42:36.579204,24,7
2023-10-23T08:52:34.188167,24,5
2023-10-23T09:01:55.861384,24,10
2023-10-23T09:11:50.269773,24,3
2023-10-23T09:22:23.312664,24,3
2023-10-23T09:32:32.975346,24,1
2023-10-23T09:42:24.350967,24,2
2023-10-23T09:52:42.430990,24,2
2023-10-23T10:02:05.295289,24,1
2023-10-23T10:12:11.758019,24,3
2023-10-23T10:22:23.624678,24,2
2023-10-23T10:31:53.779991,24,1
2023-10-23T10:41:40.555973,24,1
2023-10-23T10:52:23.410362,24,2
2023-10-23T11:02:44.434260,24,1
2023-10-23T11:12:07.408122,24,2
2023-10-23T11:22:01.225620,24,4
2023-10-23T11:32:42.796598,24,1
2023-10-23T11:42:28.000094,24,2
2023-10-23T11:52:53.662372,24,0
2023-10-23T12:03:02.444493,24,2
2023-10-23T12:12:32.142212,24,3
2023-10-23T12:22:28.881884,24,2
2023-10-23T12:32:28.826244,24,1
2023-10-23T12:42:10.131757,24,1
2023-10-23T12:52:22.957161,24,4
2023-10-23T13:02:21.705007,24,5
2023-10-23T13:12:31.801369,24,1
2023-10-23T13:22:11.628864,24,3
2023-10-23T13:32:00.686427,24,2
2023-10-23T13:41:08.869787,24,3
2023-10-23T13:50:41.976665,24,4
2023-10-23T14:00:27.618461,24,2
2023-10-23T14:10:41.821765,24,1
2023-10-23T14:20:51.775833,24,3
2023-10-23T14:30:01.411307,24,5
2023-10-23T14:39:55.765377,24,3
2023-10-23T14:49:24.672150,24,6
2023-10-23T14:59:36.576435,24,3
2023-10-23T15:09:58.628777,24,2
2023-10-23T15:19:56.276225,24,4
2023-10-23T15:29:15.911242,24,4
2023-10-23T15:39:10.563134,24,2
2023-10-23T15:49:13.452425,24,1
2023-10-23T15:59:26.007137,24,4
2023-10-23T16:09:36.332729,24,2
2023-10-23T16:20:00.640380,24,2
2023-10-23T16:29:45.078429,24,1
2023-10-23T16:40:15.719151,24,3
2023-10-23T16:49:29.117980,24,2
2023-10-23T16:59:44.164945,24,2
2023-10-23T17:09:37.450822,24,1
2023-10-23T17:19:07.516398,24,0
2023-10-23T17:29:49.484589,24,1
2023-10-23T17:39:35.454862,24,1
2023-10-23T17:49:47.764528,24,1
2023-10-23T17:59:46.668226,24,1
2023-10-23T18:09:44.988563,24,4
2023-10-23T18:20:08.711188,24,1
2023-10-23T18:30:04.171350,24,3
2023-10-23T18:40:16.240979,24,1
2023-10-23T18:49:33.677887,24,2
2023-10-23T18:59:00.796935,24,2
2023-10-23T19:08:52.587045,24,6
2023-10-23T19:18:40.656562,24,0
2023-10-23T19:28:14.686916,24,1
2023-10-23T19:38:55.828046,24,2
2023-10-23T19:48:16.497861,24,2
2023-10-23T19:58:11.687843,24,1
2023-10-23T20:07:43.911222,24,3
2023-10-23T20:17:26.085618,24,5
2023-10-23T20:28:08.361117,24,2
2023-10-23T20:37:28.202293,24,8
2023-10-23T20:47:40.610174,24,6
2023-10-23T20:57:40.184582,24,5
2023-10-23T21:07:06.546111,24,5
2023-10-23T21:16:55.494376,24,4
2023-10-23T21:26:56.228434,24,3
2023-10-23T21:37:17.839473,24,3
2023-10-23T21:47:20.698671,24,5
2023-10-23T21:58:04.360816,24,4
2023-10-23T22:08:02.369966,24,2
2023-10-23T22:18:11.010753,24,6
2023-10-23T22:28:43.674479,24,5
2023-10-23T22:38:16.113415,24,5
2023-10-23T22:48:07.568274,24,3
2023-10-23T22:58:07.070498,24,4
2023-10-23T23:08:16.709820,24,4
2023-10-23T23:18:29.668630,24,3
2023-10-23T23:28:09.351453,24,3
2023-10-23T23:38:12.511470,24,2
2023-10-23T23:48:44.705032,24,2
2023-10-23T23:58:26.468826,24,2
2023-10-24T00:08:00.747037,24,6
2023-10-24T00:17:56.131667,24,3
2023-10-24T00:28:00.695779,24,3
2023-10-24T00:38:05.485247,24,0
2023-10-24T00:48:43.503617,24,1
2023-10-24T00:58:12.009203,24,2
2023-10-24T01:07:34.483692,24,8
2023-10-24T01:16:42.112109,24,0
2023-10-24T01:26:19.533594,24,5
2023-10-24T01:36:43.021009,24,1
2023-10-24T01:47:02.020929,24,3
2023-10-24T01:56:54.829347,24,3
2023-10-24T02:07:01.579823,24,1
2023-10-24T02:17:11.568468,24,4
2023-10-24T02:27:22.350695,24,2
2023-10-24T02:37:03.265202,24,3
2023-10-24T02:46:50.527004,24,0
2023-10-24T02:56:32.296356,24,2
2023-10-24T03:06:45.152593,24,2
2023-10-24T03:16:57.684487,24,1
2023-10-24T03:27:15.201454,24,1
2023-10-24T03:36:14.803642,24,3
2023-10-24T03:46:16.505137,24,0
2023-10-24T03:56:05.359470,24,3
2023-10-24T04:05:55.296190,24,2
2023-10-24T04:16:04.950368,24,3
2023-10-24T04:25:18.723397,24,4
2023-10-24T04:35:39.087379,24,1
2023-10-24T04:45:30.507894,24,2
2023-10-24T04:55:17.390895,24,2
2023-10-24T05:04:16.490359,24,4
2023-10-24T05:14:11.946376,24,1
2023-10-24T05:23:31.849280,24,2
2023-10-24T05:33:57.826307,24,1
2023-10-24T05:44:08.442573,24,4
2023-10-24T05:53:54.898280,24,2
2023-10-24T06:04:01.544246,24,1
2023-10-24T06:13:42.516491,24,0
2023-10-24T06:23:43.006252,24,2
2023-10-24T06:34:50.972750,24,1
2023-10-24T06:44:13.797611,24,2
2023-10-24T06:54:03.321181,24,3
2023-10-24T07:03:57.863808,24,3
2023-10-24T07:14:27.319315,24,3
2023-10-24T07:24:33.426508,24,1
2023-10-24T07:34:54.509199,24,3
2023-10-24T07:45:09.867074,24,1
2023-10-24T07:55:27.506219,24,4
2023-10-24T08:05:39.452616,24,3
2023-10-24T08:15:40.358256,24,2
2023-10-24T08:25:39.831429,24,2
2023-10-24T08:35:17.496954,24,2
2023-10-24T08:44:55.983060,24,6
2023-10-24T08:55:32.443786,24,1
2023-10-24T09:05:01.891664,24,1
2023-10-24T09:15:03.955700,24,1
2023-10-24T09:25:24.000874,24,0
2023-10-24T09:35:45.369048,24,0
2023-10-24T09:45:18.400818,24,0
2023-10-24T09:54:42.565328,24,3
2023-10-24T10:05:23.935252,24,1
2023-10-24T10:14:47.378515,24,2
2023-10-24T10:24:13.277843,24,1
2023-10-24T10:34:50.825378,24,0
2023-10-24T10:44:59.225281,24,1
2023-10-24T10:54:44.298996,24,1
2023-10-24T11:05:21.010232,24,2
2023-10-24T11:15:37.271372,24,0
2023-10-24T11:25:46.473567,24,0
2023-10-24T11:35:45.224071,24,0
2023-10-24T11:46:00.653312,24,0
2023-10-24T11:55:29.316418,24,0
2023-10-24T12:06:10.749752,24,1
2023-10-24T12:16:02.541132,24,1
2023-10-24T12:25:55.705815,24,1
2023-10-24T12:36:25.107652,24,0
2023-10-24T12:46:37.760749,24,1
2023-10-24T12:56:56.891918,24,1
2023-10-24T13:07:22.203455,24,1
2023-10-24T13:17:50.806704,24,1
2023-10-24T13:27:22.981307,24,1
2023-10-24T13:38:08.073345,24,1
2023-10-24T13:47:22.254916,24,2
2023-10-24T13:57:36.796873,24,1
2023-10-24T14:08:29.534840,24,1
2023-10-24T14:18:20.688527,24,2
2023-10-24T14:28:29.005277,24,2
2023-10-24T14:38:36.898244,24,2
2023-10-24T14:48:33.988043,24,3
2023-10-24T14:58:31.074397,24,1
2023-10-24T15:08:57.079125,24,1
2023-10-24T15:19:13.254628,24,2
2023-10-24T15:29:10.616303,24,2
2023-10-24T15:38:29.194445,24,1
2023-10-24T15:48:16.521068,24,0
2023-10-24T15:58:49.561368,24,2
2023-10-24T16:08:20.606871,24,4
2023-10-24T16:18:29.064082,24,0
2023-10-24T16:28:04.645545,24,2
2023-10-24T16:38:10.568285,24,0
2023-10-24T16:48:19.689665,24,3
2023-10-24T16:57:48.835793,24,0
2023-10-24T17:08:07.834941,24,4
2023-10-24T17:18:07.470527,24,1
2023-10-24T17:27:57.368378,24,4
2023-10-24T17:37:23.350774,24,0
2023-10-24T17:48:10.286301,24,0
2023-10-24T17:58:54.859103,24,3
2023-10-24T18:08:35.891472,24,2
2023-10-24T18:18:56.192189,24,1
2023-10-24T18:28:20.863704,24,3
